"Дата","Цена","Откр.","Макс.","Мин.","Изм. %"
"28.07.2022","2,9170","2,9960","3,0890","2,8820","-2,80%"
"27.07.2022","3,0010","3,0600","3,0970","2,9700","-1,67%"
"26.07.2022","3,0520","3,0490","3,0990","3,0120","-0,26%"
"25.07.2022","3,0600","3,0280","3,0970","3,0230","1,40%"
"24.07.2022","3,0178","3,0151","3,0178","3,0151","-0,01%"
"22.07.2022","3,0180","3,1010","3,1240","2,9700","-2,42%"
"21.07.2022","3,0930","3,1990","3,2390","3,0820","-2,74%"
"20.07.2022","3,1800","3,2020","3,2200","3,1410","-0,59%"
"19.07.2022","3,1990","3,1460","3,2200","3,1350","2,27%"
"18.07.2022","3,1280","3,0750","3,1670","3,0750","0,69%"
"17.07.2022","3,1066","3,1066","3,1066","3,1066","0,50%"
"15.07.2022","3,0910","3,1900","3,3320","3,0750","-2,52%"
"14.07.2022","3,1710","3,2080","3,3300","3,1520","-1,25%"
"13.07.2022","3,2110","3,0730","3,2510","3,0620","7,07%"
"12.07.2022","2,9990","2,9940","3,0310","2,9510","0,17%"
"11.07.2022","2,9940","2,9200","3,0020","2,9120","2,44%"
"10.07.2022","2,9228","2,9228","2,9228","2,9228","-0,72%"
"08.07.2022","2,9440","2,8420","2,9650","2,8380","2,76%"
"07.07.2022","2,8650","2,7780","2,8780","2,7570","2,72%"
"06.07.2022","2,7890","2,7680","2,8340","2,7280","1,34%"
"05.07.2022","2,7520","2,7760","2,8020","2,7210","-0,96%"
"04.07.2022","2,7787","2,6786","2,7787","2,6786","2,23%"
"01.07.2022","2,7180","2,7740","2,8210","2,6790","-2,58%"
"30.06.2022","2,7900","2,8960","2,8960","2,7820","-2,04%"
"29.06.2022","2,8480","2,8980","2,9220","2,8450","-1,01%"
"28.06.2022","2,8770","2,8850","2,9250","2,8610","0,07%"
"27.06.2022","2,8750","2,8410","2,9010","2,8010","1,49%"
"26.06.2022","2,8327","2,8301","2,8327","2,8301","0,10%"
"24.06.2022","2,8300","2,7590","2,8700","2,7590","2,35%"
"23.06.2022","2,7650","2,8040","2,8070","2,6670","-1,04%"
"22.06.2022","2,7940","2,9260","2,9500","2,7800","-4,41%"
"21.06.2022","2,9230","2,8680","2,9500","2,8600","1,73%"
"20.06.2022","2,8733","2,8575","2,8733","2,8575","0,57%"
"17.06.2022","2,8570","2,9450","2,9840","2,8280","-0,97%"
"16.06.2022","2,8850","2,9610","3,0540","2,8660","-2,67%"
"15.06.2022","2,9640","3,1450","3,2190","2,9170","-2,88%"
"14.06.2022","3,0520","2,9010","3,0990","2,8720","9,04%"
"13.06.2022","2,7990","2,5460","3,0070","2,5330","10,49%"
"12.06.2022","2,5332","2,5174","2,5332","2,5174","1,05%"
"10.06.2022","2,5070","2,3000","2,5330","2,3000","9,00%"
"09.06.2022","2,3000","2,2610","2,3060","2,2430","2,45%"
"08.06.2022","2,2450","2,2240","2,2690","2,2140","1,77%"
"07.06.2022","2,2060","2,2250","2,2530","2,1850","0,46%"
"06.06.2022","2,1960","2,1720","2,2140","2,1620","0,96%"
"05.06.2022","2,1751","2,1724","2,1751","2,1724","0,61%"
"03.06.2022","2,1620","2,1360","2,1800","2,1230","1,69%"
"02.06.2022","2,1260","2,1360","2,1540","2,1100","0,14%"
"01.06.2022","2,1230","2,0790","2,1410","2,0680","3,41%"
"31.05.2022","2,0530","2,0010","2,0870","2,0010","2,35%"
"30.05.2022","2,0058","1,9980","2,0058","1,9980","0,79%"
"27.05.2022","1,9900","1,9880","2,0340","1,9670","0,76%"
"26.05.2022","1,9750","2,0190","2,0350","1,9640","-0,90%"
"25.05.2022","1,9930","2,0220","2,0220","1,9700","-0,15%"
"24.05.2022","1,9960","2,1060","2,1260","1,9910","-4,04%"
"23.05.2022","2,0800","2,0930","2,1370","2,0640","-0,48%"
"22.05.2022","2,0901","2,0613","2,0901","2,0613","1,02%"
"20.05.2022","2,0690","2,1160","2,1320","2,0590","-1,52%"
"19.05.2022","2,1010","2,1710","2,2050","2,0900","2,79%"
"18.05.2022","2,0440","2,0860","2,1090","2,0310","-1,26%"
"17.05.2022","2,0700","2,0070","2,1040","2,0070","3,66%"
"16.05.2022","1,9970","1,9630","2,0130","1,9580","1,86%"
"15.05.2022","1,9605","1,9449","1,9605","1,9449","0,13%"
"13.05.2022","1,9580","1,9110","1,9790","1,9010","3,27%"
"12.05.2022","1,8960","1,9450","1,9660","1,8930","-2,02%"
"11.05.2022","1,9350","1,9370","2,0310","1,9190","-0,26%"
"10.05.2022","1,9400","1,9300","2,0520","1,9060","0,15%"
"09.05.2022","1,9370","2,0310","2,0830","1,9110","-4,52%"
"08.05.2022","2,0288","2,0262","2,0288","2,0262","1,54%"
"06.05.2022","1,9980","2,0660","2,0890","1,9740","-1,77%"
"05.05.2022","2,0340","2,0290","2,0920","2,0030","0,89%"
"04.05.2022","2,0160","2,1050","2,1910","2,0060","-4,68%"
"03.05.2022","2,1150","2,0690","2,1390","2,0580","2,27%"
"02.05.2022","2,0680","2,0690","2,1550","2,0340","-1,40%"
"01.05.2022","2,0973","2,1077","2,1077","2,0973","1,91%"
"29.04.2022","2,0580","2,0270","2,0950","1,9950","3,53%"
"28.04.2022","1,9879","1,9932","2,0192","1,9644","1,48%"
"27.04.2022","1,9590","1,9800","2,0170","1,9250","-0,81%"
"26.04.2022","1,9750","2,0400","2,0560","1,9440","-2,32%"
"25.04.2022","2,0220","2,0510","2,0880","1,9800","-3,01%"
"24.04.2022","2,0848","2,0483","2,0848","2,0483","1,15%"
"22.04.2022","2,0610","2,0250","2,1060","2,0250","2,18%"
"21.04.2022","2,0170","1,9680","2,0200","1,9440","4,18%"
"20.04.2022","1,9360","1,9440","1,9910","1,9290","5,91%"
"19.04.2022","1,8280","1,7830","1,8510","1,7810","3,39%"
"18.04.2022","1,7680","1,7260","1,8020","1,6900","3,49%"
"17.04.2022","1,7083","1,7550","1,7550","1,7083","-1,65%"
"14.04.2022","1,7370","1,7140","1,7600","1,6930","3,21%"
"13.04.2022","1,6830","1,7010","1,7580","1,6720","-1,92%"
"12.04.2022","1,7160","1,8130","1,8330","1,7010","-3,81%"
"11.04.2022","1,7840","1,8000","1,8200","1,7760","-0,58%"
"10.04.2022","1,7944","1,7606","1,7944","1,7606","1,49%"
"08.04.2022","1,7680","1,7630","1,7870","1,7580","1,90%"
"07.04.2022","1,7350","1,8230","1,8230","1,7240","-1,59%"
"06.04.2022","1,7630","1,7480","1,8130","1,7320","1,03%"
"05.04.2022","1,7450","1,6960","1,7580","1,6960","2,71%"
"04.04.2022","1,6990","1,7320","1,7660","1,6490","-2,23%"
"03.04.2022","1,7377","1,7481","1,7481","1,7377","2,61%"
"01.04.2022","1,6935","1,6370","1,7380","1,6180","5,32%"
"31.03.2022","1,6080","1,6440","1,6680","1,6000","-2,07%"
"30.03.2022","1,6420","1,6830","1,6940","1,6160","-0,91%"
"29.03.2022","1,6570","1,7170","1,7280","1,6370","-1,13%"
"28.03.2022","1,6760","1,6470","1,7120","1,6470","1,59%"
"27.03.2022","1,6497","1,6497","1,6497","1,6497","-0,62%"
"25.03.2022","1,6600","1,5490","1,6840","1,5490","7,58%"
"24.03.2022","1,5430","1,5430","1,5590","1,5250","1,85%"
"23.03.2022","1,5150","1,6110","1,6140","1,5070","12,56%"
"22.03.2022","1,3460","1,3020","1,3900","1,2810","5,07%"
"21.03.2022","1,2810","1,3040","1,3120","1,1700","4,61%"
"20.03.2022","1,2245","1,2245","1,2245","1,2245","-0,04%"
"18.03.2022","1,2250","1,2170","1,3040","1,1940","0,25%"
"17.03.2022","1,2220","1,3150","1,3230","1,2090","-5,93%"
"16.03.2022","1,2990","1,2380","1,3230","1,2120","7,18%"
"15.03.2022","1,2120","1,2270","1,2560","1,1860","-1,22%"
"14.03.2022","1,2270","1,1630","1,2400","1,1600","5,75%"
"13.03.2022","1,1603","1,1603","1,1603","1,1603","-0,66%"
"11.03.2022","1,1680","1,1370","1,1840","1,1350","1,13%"
"10.03.2022","1,1550","1,1550","1,2040","1,1140","2,94%"
"09.03.2022","1,1220","1,1010","1,1420","1,0810","3,31%"
"08.03.2022","1,0860","1,1010","1,1060","1,0440","3,92%"
"07.03.2022","1,0450","1,0600","1,0810","1,0290","-0,45%"
"06.03.2022","1,0497","1,0317","1,0497","1,0317","2,01%"
"04.03.2022","1,0290","1,0580","1,1170","0,9780","-3,83%"
"03.03.2022","1,0700","1,0990","1,1010","1,0270","2,20%"
"02.03.2022","1,0470","0,9440","1,0700","0,9260","17,64%"
"01.03.2022","0,8900","1,0470","1,0520","0,8650","-11,97%"
"28.02.2022","1,0110","1,1270","1,1320","1,0010","-11,52%"
"27.02.2022","1,1426","1,1168","1,1426","1,1168","1,38%"
"25.02.2022","1,1270","1,1200","1,1430","1,1040","4,74%"
"24.02.2022","1,0760","1,1840","1,2070","1,0290","-6,43%"
"23.02.2022","1,1500","1,1760","1,2070","1,1170","5,41%"
"22.02.2022","1,0910","1,0180","1,1090","1,0110","6,31%"
"21.02.2022","1,0262","1,0262","1,0262","1,0262","3,34%"
"18.02.2022","0,9930","1,0110","1,0620","0,9800","-2,74%"
"17.02.2022","1,0210","1,0880","1,1110","1,0080","-2,67%"
"16.02.2022","1,0490","1,0980","1,1220","1,0240","-2,24%"
"15.02.2022","1,0730","1,1680","1,1680","1,0620","-2,81%"
"14.02.2022","1,1040","1,0340","1,1350","1,0340","4,45%"
"11.02.2022","1,0570","1,1860","1,1860","1,0320","-2,67%"
"10.02.2022","1,0860","0,9260","1,1550","0,8800","22,99%"
"09.02.2022","0,8830","0,9080","0,9110","0,8670","0,00%"
"08.02.2022","0,8830","0,8880","0,8980","0,8700","2,08%"
"07.02.2022","0,8650","0,9030","0,9060","0,8570","-3,67%"
"06.02.2022","0,8980","0,8980","0,8980","0,8980","1,70%"
"04.02.2022","0,8830","0,7900","0,8960","0,7720","15,12%"
"03.02.2022","0,7670","0,7440","0,7720","0,7260","3,09%"
"02.02.2022","0,7440","0,8010","0,8010","0,7390","-3,38%"
"01.02.2022","0,7700","0,7950","0,8060","0,7650","0,39%"
"31.01.2022","0,7670","0,7670","0,8110","0,7670","0,30%"
"30.01.2022","0,7647","0,7493","0,7647","0,7493","1,42%"
"28.01.2022","0,7540","0,7850","0,8010","0,7390","0,67%"
"27.01.2022","0,7490","0,7470","0,7700","0,7290","10,96%"
"26.01.2022","0,6750","0,6520","0,7210","0,6420","11,39%"
"25.01.2022","0,6060","0,5650","0,6080","0,5650","9,19%"
"24.01.2022","0,5550","0,5700","0,5930","0,5520","-0,86%"
"23.01.2022","0,5598","0,5547","0,5598","0,5547","1,41%"
"21.01.2022","0,5520","0,5750","0,5880","0,5440","-1,78%"
"20.01.2022","0,5620","0,5520","0,5780","0,5370","4,66%"
"19.01.2022","0,5370","0,5550","0,5850","0,5340","-2,36%"
"18.01.2022","0,5500","0,5160","0,5600","0,5140","7,02%"
"17.01.2022","0,5139","0,5139","0,5139","0,5139","4,66%"
"14.01.2022","0,4910","0,4600","0,4990","0,4580","7,91%"
"13.01.2022","0,4550","0,4600","0,4960","0,4470","0,44%"
"12.01.2022","0,4530","0,4480","0,4810","0,4370","1,80%"
"11.01.2022","0,4450","0,4680","0,4680","0,4420","0,68%"
"10.01.2022","0,4420","0,4250","0,4480","0,4170","5,36%"
"09.01.2022","0,4195","0,4195","0,4195","0,4195","0,60%"
"07.01.2022","0,4170","0,4320","0,4530","0,4120","-3,47%"
"06.01.2022","0,4320","0,4070","0,4400","0,4070","6,93%"
"05.01.2022","0,4040","0,3790","0,4090","0,3760","7,45%"
"04.01.2022","0,3760","0,4040","0,4140","0,3760","-5,29%"
"03.01.2022","0,3970","0,3970","0,4040","0,3760","0,10%"
"02.01.2022","0,3966","0,3966","0,3966","0,3966","3,28%"
"31.12.2021","0,3840","0,3860","0,3970","0,3680","1,32%"
"30.12.2021","0,3790","0,4040","0,4040","0,3710","-2,57%"
"29.12.2021","0,3890","0,4020","0,4190","0,3840","33,22%"
"28.12.2021","0,2920","0,3150","0,3200","0,2890","-1,68%"
"27.12.2021","0,2970","0,2970","0,3070","0,2790","4,39%"
"26.12.2021","0,2845","0,2717","0,2845","0,2717","0,89%"
"23.12.2021","0,2820","0,2790","0,2890","0,2690","6,82%"
"22.12.2021","0,2640","0,2740","0,3000","0,2640","-1,12%"
"21.12.2021","0,2670","0,2640","0,2740","0,2570","6,37%"
"20.12.2021","0,2510","0,2740","0,2790","0,2360","-3,09%"
"19.12.2021","0,2590","0,2565","0,2590","0,2539","0,00%"
"17.12.2021","0,2590","0,2510","0,2670","0,2360","5,28%"
"16.12.2021","0,2460","0,2740","0,2820","0,2460","-9,56%"
"15.12.2021","0,2720","0,2540","0,2870","0,2510","9,24%"
"14.12.2021","0,2490","0,2540","0,2640","0,2490","-1,97%"
"13.12.2021","0,2540","0,2620","0,2820","0,2490","-1,93%"
"12.12.2021","0,2590","0,2590","0,2590","0,2590","-1,15%"
"10.12.2021","0,2620","0,2920","0,2920","0,2460","-0,76%"
"09.12.2021","0,2640","0,3020","0,3020","0,2620","-8,01%"
"08.12.2021","0,2870","0,3230","0,3250","0,2850","-5,90%"
"07.12.2021","0,3050","0,2820","0,3150","0,2720","9,32%"
"06.12.2021","0,2790","0,2670","0,2850","0,2540","6,65%"
"05.12.2021","0,2616","0,2514","0,2616","0,2514","0,00%"
"03.12.2021","0,2616","0,2640","0,2770","0,2510","-0,15%"
"02.12.2021","0,2620","0,2490","0,3810","0,2460","3,15%"
"01.12.2021","0,2540","0,2690","0,2900","0,2460","14,93%"
"30.11.2021","0,2210","0,2000","0,2410","0,1780","14,51%"
"29.11.2021","0,1930","0,2390","0,2410","0,1850","-17,38%"
"28.11.2021","0,2336","0,2158","0,2336","0,2158","31,24%"
"26.11.2021","0,1780","0,2180","0,2390","0,1650","-17,52%"
"25.11.2021","0,2158","0,2158","0,2158","0,2158","1,31%"
"24.11.2021","0,2130","0,2030","0,2210","0,1850","10,36%"
"23.11.2021","0,1930","0,1850","0,2030","0,1850","4,32%"
"22.11.2021","0,1850","0,1620","0,1900","0,1620","15,70%"
"21.11.2021","0,1599","0,1624","0,1624","0,1599","1,85%"
"19.11.2021","0,1570","0,1650","0,1780","0,1420","0,00%"
"18.11.2021","0,1570","0,1680","0,1730","0,1520","-1,87%"
"17.11.2021","0,1600","0,1730","0,1800","0,1570","-3,03%"
"16.11.2021","0,1650","0,1650","0,1880","0,1600","0,00%"
"15.11.2021","0,1650","0,1650","0,1830","0,1600","1,60%"
"14.11.2021","0,1624","0,1624","0,1624","0,1624","-1,58%"
"12.11.2021","0,1650","0,1680","0,1800","0,1600","0,00%"
"11.11.2021","0,1650","0,1650","0,1650","0,1650","1,85%"
"10.11.2021","0,1620","0,1400","0,1730","0,1370","18,25%"
"09.11.2021","0,1370","0,1550","0,1620","0,1340","-9,87%"
"08.11.2021","0,1520","0,1450","0,1650","0,1450","6,97%"
"07.11.2021","0,1421","0,1421","0,1421","0,1421","-2,00%"
"05.11.2021","0,1450","0,1500","0,1680","0,1370","-3,33%"
"04.11.2021","0,1500","0,1900","0,1930","0,1470","-11,76%"
"03.11.2021","0,1700","0,1620","0,1830","0,1620","37,10%"
"02.11.2021","0,1240","0,1400","0,1420","0,1190","-2,36%"
"01.11.2021","0,1270","0,1400","0,1400","0,1240","-5,58%"
"31.10.2021","0,1345","0,1268","0,1345","0,1268","5,91%"
"29.10.2021","0,1270","0,1240","0,1420","0,1170","6,72%"
"28.10.2021","0,1190","0,1190","0,1400","0,1170","0,00%"
"27.10.2021","0,1190","0,1320","0,1320","0,1140","-2,46%"
"26.10.2021","0,1220","0,1220","0,1320","0,1190","2,52%"
"25.10.2021","0,1190","0,1240","0,1290","0,1140","-2,30%"
"24.10.2021","0,1218","0,1167","0,1218","0,1167","2,35%"
"22.10.2021","0,1190","0,1120","0,1320","0,1060","11,21%"
"21.10.2021","0,1070","0,0960","0,1190","0,0940","13,83%"
"20.10.2021","0,0940","0,1060","0,1090","0,0910","-6,93%"
"19.10.2021","0,1010","0,1040","0,1120","0,0990","-2,88%"
"18.10.2021","0,1040","0,1090","0,1090","0,1010","2,46%"
"17.10.2021","0,1015","0,1015","0,1015","0,1015","0,50%"
"15.10.2021","0,1010","0,1040","0,1060","0,0960","5,21%"
"14.10.2021","0,0960","0,1090","0,1090","0,0940","-3,03%"
"13.10.2021","0,0990","0,0990","0,1090","0,0990","0,00%"
"12.10.2021","0,0990","0,0940","0,1010","0,0940","8,43%"
"11.10.2021","0,0913","0,0913","0,0913","0,0913","-2,87%"
"08.10.2021","0,0940","0,1010","0,1010","0,0940","0,00%"
"07.10.2021","0,0940","0,0910","0,0960","0,0910","3,30%"
"06.10.2021","0,0910","0,0910","0,1060","0,0910","8,33%"
"05.10.2021","0,0840","0,0940","0,0940","0,0760","6,33%"
"04.10.2021","0,0790","0,0810","0,0940","0,0760","0,51%"
"03.10.2021","0,0786","0,0786","0,0786","0,0786","-0,51%"
"01.10.2021","0,0790","0,0810","0,0860","0,0760","0,00%"
"30.09.2021","0,0790","0,0810","0,1170","0,0760","0,00%"
"29.09.2021","0,0790","0,0840","0,0860","0,0760","-2,47%"
"28.09.2021","0,0810","0,0810","0,0940","0,0760","2,53%"
"27.09.2021","0,0790","0,0810","0,0840","0,0790","0,51%"
"26.09.2021","0,0786","0,0786","0,0786","0,0786","-0,51%"
"24.09.2021","0,0790","0,0790","0,0840","0,0730","6,76%"
"23.09.2021","0,0740","0,0760","0,0810","0,0730","-2,63%"
"22.09.2021","0,0760","0,0730","0,0790","0,0680","11,76%"
"21.09.2021","0,0680","0,0730","0,0790","0,0680","0,00%"
"20.09.2021","0,0680","0,0710","0,0790","0,0680","-4,23%"
"19.09.2021","0,0710","0,0710","0,0710","0,0710","0,00%"
"17.09.2021","0,0710","0,0730","0,0810","0,0710","0,00%"
"16.09.2021","0,0710","0,0730","0,0810","0,0710","0,00%"
"15.09.2021","0,0710","0,0760","0,0810","0,0680","0,00%"
"14.09.2021","0,0710","0,0760","0,0840","0,0710","-4,05%"
"13.09.2021","0,0740","0,0760","0,0790","0,0710","0,68%"
"12.09.2021","0,0735","0,0735","0,0735","0,0735","3,52%"
"10.09.2021","0,0710","0,0730","0,0840","0,0710","-4,05%"
"09.09.2021","0,0740","0,0760","0,0840","0,0710","0,00%"
"08.09.2021","0,0740","0,0810","0,0890","0,0710","12,12%"
"07.09.2021","0,0660","0,0710","0,0790","0,0660","-3,65%"
"06.09.2021","0,0685","0,0685","0,0685","0,0685","3,79%"
"03.09.2021","0,0660","0,0710","0,0760","0,0660","0,00%"
"02.09.2021","0,0660","0,0730","0,0860","0,0660","-2,94%"
"01.09.2021","0,0680","0,0730","0,0810","0,0660","0,00%"
"31.08.2021","0,0680","0,0730","0,0810","0,0660","3,03%"
"30.08.2021","0,0660","0,0730","0,0790","0,0660","-7,04%"
"29.08.2021","0,0710","0,0710","0,0710","0,0710","4,41%"
"27.08.2021","0,0680","0,0710","0,0760","0,0660","3,03%"
"26.08.2021","0,0660","0,0680","0,0790","0,0660","0,00%"
"25.08.2021","0,0660","0,0710","0,0730","0,0630","4,76%"
"24.08.2021","0,0630","0,0660","0,0810","0,0630","0,00%"
"23.08.2021","0,0630","0,0680","0,0730","0,0630","-4,40%"
"22.08.2021","0,0659","0,0659","0,0659","0,0659","4,60%"
"20.08.2021","0,0630","0,0680","0,0760","0,0610","-4,55%"
"19.08.2021","0,0660","0,0730","0,0790","0,0660","-2,94%"
"18.08.2021","0,0680","0,0760","0,0810","0,0680","-4,23%"
"17.08.2021","0,0710","0,0790","0,0810","0,0680","-4,05%"
"16.08.2021","0,0740","0,0760","0,0910","0,0710","-2,76%"
"15.08.2021","0,0761","0,0761","0,0761","0,0761","2,84%"
"13.08.2021","0,0740","0,0810","0,0810","0,0730","-6,33%"
"12.08.2021","0,0790","0,0810","0,0840","0,0760","-2,47%"
"11.08.2021","0,0810","0,0860","0,0860","0,0790","6,58%"
"10.08.2021","0,0760","0,0810","0,0860","0,0760","0,00%"
"09.08.2021","0,0760","0,0790","0,0810","0,0730","2,70%"
"06.08.2021","0,0740","0,0760","0,0790","0,0710","4,23%"
"05.08.2021","0,0710","0,0710","0,0760","0,0660","7,58%"
"04.08.2021","0,0660","0,0710","0,0730","0,0660","0,00%"
"03.08.2021","0,0660","0,0660","0,0730","0,0630","-2,94%"
"02.08.2021","0,0680","0,0710","0,0760","0,0630","3,03%"
"30.07.2021","0,0660","0,0710","0,0760","0,0660","0,00%"
"29.07.2021","0,0660","0,0730","0,0790","0,0660","0,00%"
"28.07.2021","0,0660","0,0730","0,0790","0,0660","-2,94%"
"27.07.2021","0,0680","0,0710","0,0790","0,0680","-4,23%"
"26.07.2021","0,0710","0,0710","0,0790","0,0680","-9,67%"
"25.07.2021","0,0786","0,0710","0,0786","0,0710","10,70%"
"23.07.2021","0,0710","0,0860","0,0860","0,0680","0,00%"
"22.07.2021","0,0710","0,0760","0,0810","0,0680","0,00%"
"21.07.2021","0,0710","0,0730","0,0810","0,0710","-4,05%"
"20.07.2021","0,0740","0,0760","0,0840","0,0710","0,00%"
"19.07.2021","0,0740","0,0760","0,0840","0,0680","-2,76%"
"18.07.2021","0,0761","0,0735","0,0761","0,0735","0,13%"
"16.07.2021","0,0760","0,0760","0,0810","0,0730","2,70%"
"15.07.2021","0,0740","0,0730","0,0760","0,0710","0,00%"
"14.07.2021","0,0740","0,0810","0,0890","0,0730","0,00%"
"13.07.2021","0,0740","0,0790","0,0790","0,0680","8,82%"
"12.07.2021","0,0680","0,0760","0,0760","0,0660","-4,23%"
"11.07.2021","0,0710","0,0710","0,0710","0,0710","4,41%"
"09.07.2021","0,0680","0,0710","0,0730","0,0660","7,94%"
"08.07.2021","0,0630","0,0680","0,0760","0,0630","-7,35%"
"07.07.2021","0,0680","0,0760","0,0810","0,0630","3,03%"
"06.07.2021","0,0660","0,0760","0,0810","0,0660","-13,27%"
"05.07.2021","0,0761","0,0761","0,0761","0,0761","7,18%"
"02.07.2021","0,0710","0,0730","0,0760","0,0660","0,00%"
"01.07.2021","0,0710","0,0760","0,0790","0,0710","0,00%"
"30.06.2021","0,0710","0,0810","0,0810","0,0710","-4,05%"
"29.06.2021","0,0740","0,0790","0,0840","0,0710","-2,63%"
"28.06.2021","0,0760","0,0840","0,0890","0,0730","-6,40%"
"27.06.2021","0,0812","0,0812","0,0812","0,0812","0,00%"
"25.06.2021","0,0812","0,0860","0,0890","0,0810","0,25%"
"24.06.2021","0,0810","0,0860","0,0860","0,0790","-3,57%"
"23.06.2021","0,0840","0,0860","0,0890","0,0810","3,70%"
"22.06.2021","0,0810","0,0890","0,0960","0,0810","-8,99%"
"21.06.2021","0,0890","0,0940","0,0960","0,0860","0,23%"
"20.06.2021","0,0888","0,0888","0,0888","0,0888","-0,22%"
"18.06.2021","0,0890","0,0730","0,0940","0,0710","25,35%"
"17.06.2021","0,0710","0,0910","0,0940","0,0680","-15,48%"
"16.06.2021","0,0840","0,0810","0,0860","0,0680","37,70%"
"15.06.2021","0,0610","0,0580","0,0630","0,0510","19,61%"
"14.06.2021","0,0510","0,0580","0,0580","0,0510","0,59%"
"13.06.2021","0,0507","0,0507","0,0507","0,0507","-0,59%"
"11.06.2021","0,0510","0,0580","0,0580","0,0510","6,25%"
"10.06.2021","0,0480","0,0560","0,0580","0,0480","-5,88%"
"09.06.2021","0,0510","0,0510","0,0580","0,0480","0,00%"
"08.06.2021","0,0510","0,0610","0,0610","0,0480","0,00%"
"07.06.2021","0,0510","0,0560","0,0560","0,0480","5,81%"
"06.06.2021","0,0482","0,0456","0,0482","0,0456","4,78%"
"04.06.2021","0,0460","0,0560","0,0560","0,0430","0,00%"
"03.06.2021","0,0460","0,0530","0,0560","0,0430","0,00%"
"02.06.2021","0,0460","0,0580","0,0610","0,0410","6,98%"
"01.06.2021","0,0430","0,0530","0,0530","0,0430","-0,23%"
"31.05.2021","0,0431","0,0431","0,0431","0,0431","0,23%"
"28.05.2021","0,0430","0,0430","0,0510","0,0410","4,88%"
"27.05.2021","0,0410","0,0430","0,0460","0,0410","0,00%"
"26.05.2021","0,0410","0,0460","0,0560","0,0410","-4,65%"
"25.05.2021","0,0430","0,0510","0,0530","0,0410","4,88%"
"24.05.2021","0,0410","0,0510","0,0510","0,0410","-14,94%"
"23.05.2021","0,0482","0,0482","0,0482","0,0482","12,09%"
"21.05.2021","0,0430","0,0510","0,0530","0,0410","4,88%"
"20.05.2021","0,0410","0,0580","0,0610","0,0410","-14,58%"
"19.05.2021","0,0480","0,0630","0,0660","0,0480","0,00%"
"18.05.2021","0,0480","0,0530","0,0580","0,0460","0,00%"
"17.05.2021","0,0480","0,0510","0,0610","0,0460","5,26%"
"16.05.2021","0,0456","0,0456","0,0456","0,0456","-5,00%"
"14.05.2021","0,0480","0,0480","0,0580","0,0460","4,35%"
"13.05.2021","0,0460","0,0580","0,0580","0,0460","-4,17%"
"12.05.2021","0,0480","0,0610","0,0610","0,0480","0,00%"
"11.05.2021","0,0480","0,0510","0,0610","0,0460","0,00%"
"10.05.2021","0,0480","0,0560","0,0610","0,0460","-5,33%"
"09.05.2021","0,0507","0,0507","0,0507","0,0507","-0,59%"
"07.05.2021","0,0510","0,0610","0,0630","0,0480","-3,77%"
"06.05.2021","0,0530","0,0530","0,0610","0,0510","-5,36%"
"05.05.2021","0,0560","0,0710","0,0710","0,0510","0,00%"
"04.05.2021","0,0560","0,0560","0,0580","0,0560","0,00%"
"03.05.2021","0,0560","0,0510","0,0610","0,0510","10,45%"
"02.05.2021","0,0507","0,0507","0,0507","0,0507","-4,34%"
"30.04.2021","0,0530","0,0580","0,0630","0,0510","3,92%"
"29.04.2021","0,0510","0,0630","0,0680","0,0510","-3,77%"
"28.04.2021","0,0530","0,0630","0,0660","0,0510","-8,62%"
"27.04.2021","0,0580","0,0610","0,0680","0,0560","-4,92%"
"26.04.2021","0,0610","0,0610","0,0680","0,0610","0,16%"
"25.04.2021","0,0609","0,0609","0,0609","0,0609","-0,16%"
"23.04.2021","0,0610","0,0660","0,0760","0,0610","-3,17%"
"22.04.2021","0,0630","0,0660","0,0760","0,0610","0,00%"
"21.04.2021","0,0630","0,0730","0,0760","0,0630","8,62%"
"20.04.2021","0,0580","0,0630","0,0710","0,0560","-4,92%"
"19.04.2021","0,0610","0,0630","0,0710","0,0610","-7,44%"
"18.04.2021","0,0659","0,0659","0,0659","0,0659","4,60%"
"16.04.2021","0,0630","0,0660","0,0680","0,0630","0,00%"
"15.04.2021","0,0630","0,0680","0,0730","0,0610","3,28%"
"14.04.2021","0,0610","0,0680","0,0710","0,0610","0,00%"
"13.04.2021","0,0610","0,0680","0,0730","0,0610","-7,58%"
"12.04.2021","0,0660","0,0660","0,0680","0,0610","8,37%"
"11.04.2021","0,0609","0,0609","0,0609","0,0609","5,00%"
"09.04.2021","0,0580","0,0630","0,0660","0,0560","3,57%"
"08.04.2021","0,0560","0,0660","0,0660","0,0530","-3,45%"
"07.04.2021","0,0580","0,0560","0,0630","0,0560","3,57%"
"06.04.2021","0,0560","0,0610","0,0630","0,0560","-8,20%"
"05.04.2021","0,0610","0,0760","0,0790","0,0610","-10,95%"
"04.04.2021","0,0685","0,0685","0,0685","0,0685","0,00%"
"02.04.2021","0,0685","0,0610","0,0710","0,0610","8,73%"
"01.04.2021","0,0630","0,0680","0,0710","0,0610","0,00%"
"31.03.2021","0,0630","0,0680","0,0710","0,0580","3,28%"
"30.03.2021","0,0610","0,0610","0,0730","0,0610","0,00%"
"29.03.2021","0,0610","0,0680","0,0790","0,0610","-7,44%"
"28.03.2021","0,0659","0,0659","0,0659","0,0659","-0,15%"
"26.03.2021","0,0660","0,0710","0,0760","0,0660","0,00%"
"25.03.2021","0,0660","0,0790","0,0790","0,0660","-7,04%"
"24.03.2021","0,0710","0,0810","0,0860","0,0680","12,70%"
"23.03.2021","0,0630","0,0710","0,0710","0,0610","-4,55%"
"22.03.2021","0,0660","0,0680","0,0730","0,0610","4,10%"
"21.03.2021","0,0634","0,0634","0,0634","0,0634","3,93%"
"19.03.2021","0,0610","0,0760","0,0860","0,0610","-14,08%"
"18.03.2021","0,0710","0,0710","0,0790","0,0660","4,41%"
"17.03.2021","0,0680","0,0840","0,0840","0,0660","-8,11%"
"16.03.2021","0,0740","0,0760","0,0810","0,0730","-2,63%"
"15.03.2021","0,0760","0,0790","0,0860","0,0730","-0,13%"
"14.03.2021","0,0761","0,0761","0,0761","0,0761","0,13%"
"12.03.2021","0,0760","0,0840","0,0910","0,0760","-6,17%"
"11.03.2021","0,0810","0,0860","0,0940","0,0810","-5,81%"
"10.03.2021","0,0860","0,0960","0,0960","0,0860","-3,37%"
"09.03.2021","0,0890","0,0860","0,0910","0,0810","5,95%"
"08.03.2021","0,0840","0,0840","0,0860","0,0810","3,45%"
"07.03.2021","0,0812","0,0812","0,0812","0,0812","0,25%"
"05.03.2021","0,0810","0,0860","0,0890","0,0760","2,53%"
"04.03.2021","0,0790","0,0890","0,0890","0,0760","0,00%"
"03.03.2021","0,0790","0,0760","0,0860","0,0730","3,95%"
"02.03.2021","0,0760","0,0810","0,0840","0,0710","0,00%"
"01.03.2021","0,0760","0,0840","0,0840","0,0710","-6,40%"
"28.02.2021","0,0812","0,0812","0,0812","0,0812","2,78%"
"26.02.2021","0,0790","0,0990","0,1010","0,0760","-11,24%"
"25.02.2021","0,0890","0,0760","0,0940","0,0760","17,11%"
"24.02.2021","0,0760","0,0790","0,0810","0,0730","2,70%"
"23.02.2021","0,0740","0,0580","0,0680","0,0580","32,14%"
"22.02.2021","0,0560","0,0630","0,0630","0,0530","0,36%"
"21.02.2021","0,0558","0,0558","0,0558","0,0558","-0,36%"
"19.02.2021","0,0560","0,0660","0,0710","0,0530","0,00%"
"18.02.2021","0,0560","0,0760","0,0760","0,0560","-17,65%"
"17.02.2021","0,0680","0,0710","0,0790","0,0660","0,00%"
"16.02.2021","0,0680","0,0710","0,0790","0,0660","-0,73%"
"15.02.2021","0,0685","0,0659","0,0685","0,0659","3,79%"
"12.02.2021","0,0660","0,0730","0,0790","0,0660","-7,04%"
"11.02.2021","0,0710","0,0730","0,0860","0,0680","0,00%"
"10.02.2021","0,0710","0,0810","0,0810","0,0710","-4,05%"
"09.02.2021","0,0740","0,0710","0,0790","0,0710","12,12%"
"08.02.2021","0,0660","0,0660","0,0730","0,0630","-7,04%"
"07.02.2021","0,0710","0,0710","0,0710","0,0710","12,70%"
"05.02.2021","0,0630","0,0790","0,0790","0,0630","-11,27%"
"04.02.2021","0,0710","0,0810","0,0860","0,0680","-6,58%"
"03.02.2021","0,0760","0,0890","0,0890","0,0760","-6,17%"
"02.02.2021","0,0810","0,0890","0,0890","0,0790","2,53%"
"01.02.2021","0,0790","0,0860","0,0940","0,0790","-13,47%"
"31.01.2021","0,0913","0,0913","0,0913","0,0913","8,69%"
"29.01.2021","0,0840","0,0940","0,0940","0,0810","-2,33%"
"28.01.2021","0,0860","0,0960","0,0960","0,0860","-5,49%"
"27.01.2021","0,0910","0,0960","0,0960","0,0840","0,00%"
"26.01.2021","0,0910","0,1010","0,1010","0,0860","0,00%"
"25.01.2021","0,0910","0,0960","0,1040","0,0910","-12,50%"
"24.01.2021","0,1040","0,1040","0,1040","0,1040","10,64%"
"22.01.2021","0,0940","0,1010","0,1060","0,0940","-2,08%"
"21.01.2021","0,0960","0,1120","0,1120","0,0960","-3,03%"
"20.01.2021","0,0990","0,1060","0,1090","0,0990","-1,98%"
"19.01.2021","0,1010","0,1010","0,1140","0,0990","-0,49%"
"18.01.2021","0,1015","0,1091","0,1091","0,1015","0,50%"
"15.01.2021","0,1010","0,1010","0,1090","0,0990","2,02%"
"14.01.2021","0,0990","0,1010","0,1170","0,0960","-1,98%"
"13.01.2021","0,1010","0,1090","0,1090","0,0990","-2,88%"
"12.01.2021","0,1040","0,1140","0,1140","0,1010","0,00%"
"11.01.2021","0,1040","0,1120","0,1120","0,1010","0,00%"
"10.01.2021","0,1040","0,1040","0,1040","0,1040","2,97%"
"08.01.2021","0,1010","0,1120","0,1170","0,0990","-5,61%"
"07.01.2021","0,1070","0,1120","0,1140","0,1040","-1,83%"
"06.01.2021","0,1090","0,1060","0,1140","0,1010","7,92%"
"05.01.2021","0,1010","0,1040","0,1090","0,0990","-2,88%"
"04.01.2021","0,1040","0,1140","0,1190","0,1010","-6,81%"
"03.01.2021","0,1116","0,1116","0,1116","0,1116","-0,36%"
"31.12.2020","0,1120","0,1120","0,1190","0,1090","0,00%"
"30.12.2020","0,1120","0,1220","0,1220","0,1120","4,67%"
"29.12.2020","0,1070","0,1040","0,1140","0,1010","2,88%"
"28.12.2020","0,1040","0,1010","0,1220","0,0960","7,88%"
"27.12.2020","0,0964","0,0964","0,0964","0,0964","0,42%"
"24.12.2020","0,0960","0,0940","0,1060","0,0910","5,49%"
"23.12.2020","0,0910","0,0960","0,1040","0,0890","2,25%"
"22.12.2020","0,0890","0,0940","0,1010","0,0890","-2,20%"
"21.12.2020","0,0910","0,0960","0,1010","0,0890","-0,33%"
"20.12.2020","0,0913","0,0913","0,0913","0,0913","0,33%"
"18.12.2020","0,0910","0,0960","0,1040","0,0910","-3,19%"
"17.12.2020","0,0940","0,0960","0,0990","0,0890","5,62%"
"16.12.2020","0,0890","0,0990","0,0990","0,0890","-2,20%"
"15.12.2020","0,0910","0,0890","0,0960","0,0860","2,25%"
"14.12.2020","0,0890","0,0960","0,0960","0,0860","3,49%"
"11.12.2020","0,0860","0,1060","0,1060","0,0860","-13,13%"
"10.12.2020","0,0990","0,1010","0,1120","0,0990","-1,98%"
"09.12.2020","0,1010","0,1040","0,1140","0,1010","-5,61%"
"08.12.2020","0,1070","0,1010","0,1120","0,1010","2,88%"
"07.12.2020","0,1040","0,1170","0,1170","0,1010","0,00%"
"04.12.2020","0,1040","0,1060","0,1170","0,1040","-2,80%"
"03.12.2020","0,1070","0,1120","0,1220","0,1040","-4,46%"
"02.12.2020","0,1120","0,1140","0,1270","0,1090","4,67%"
"01.12.2020","0,1070","0,1090","0,1190","0,1040","0,00%"
"30.11.2020","0,1070","0,1140","0,1140","0,1040","0,00%"
"27.11.2020","0,1070","0,1060","0,1090","0,1040","0,47%"
"26.11.2020","0,1065","0,1065","0,1065","0,1065","-0,47%"
"25.11.2020","0,1070","0,1220","0,1220","0,1040","0,00%"
"24.11.2020","0,1070","0,1060","0,1170","0,1040","2,88%"
"23.11.2020","0,1040","0,1090","0,1140","0,1040","0,00%"
"22.11.2020","0,1040","0,1040","0,1040","0,1040","2,97%"
"20.11.2020","0,1010","0,1140","0,1170","0,1010","-2,88%"
"19.11.2020","0,1040","0,1190","0,1190","0,1010","-4,59%"
"18.11.2020","0,1090","0,1140","0,1320","0,1090","-2,68%"
"17.11.2020","0,1120","0,1270","0,1270","0,1120","-4,27%"
"16.11.2020","0,1170","0,1320","0,1320","0,1140","-5,87%"
"15.11.2020","0,1243","0,1243","0,1243","0,1243","1,89%"
"13.11.2020","0,1220","0,1290","0,1290","0,1220","2,52%"
"12.11.2020","0,1190","0,1240","0,1290","0,1190","-4,26%"
"11.11.2020","0,1243","0,1243","0,1243","0,1243","0,24%"
"10.11.2020","0,1240","0,1270","0,1340","0,1190","-2,36%"
"09.11.2020","0,1270","0,1340","0,1340","0,1270","2,17%"
"08.11.2020","0,1243","0,1243","0,1243","0,1243","0,24%"
"06.11.2020","0,1240","0,1320","0,1320","0,1220","1,64%"
"05.11.2020","0,1220","0,1420","0,1420","0,1220","-1,61%"
"04.11.2020","0,1240","0,1370","0,1420","0,1220","4,20%"
"03.11.2020","0,1190","0,1420","0,1420","0,1190","-2,46%"
"02.11.2020","0,1220","0,1340","0,1370","0,1190","-3,79%"
"01.11.2020","0,1268","0,1268","0,1268","0,1268","-0,16%"
"30.10.2020","0,1270","0,1320","0,1450","0,1240","0,00%"
"29.10.2020","0,1270","0,1220","0,1290","0,1220","4,10%"
"28.10.2020","0,1220","0,1290","0,1320","0,1190","0,00%"
"27.10.2020","0,1220","0,1320","0,1320","0,1190","-1,61%"
"26.10.2020","0,1240","0,1270","0,1340","0,1240","-2,36%"
"23.10.2020","0,1270","0,1290","0,1370","0,1240","0,00%"
"22.10.2020","0,1270","0,1270","0,1320","0,1240","-1,55%"
"21.10.2020","0,1290","0,1370","0,1370","0,1240","1,57%"
"20.10.2020","0,1270","0,1370","0,1370","0,1270","-3,79%"
"19.10.2020","0,1320","0,1370","0,1370","0,1290","2,01%"
"18.10.2020","0,1294","0,1294","0,1294","0,1294","1,89%"
"16.10.2020","0,1270","0,1270","0,1320","0,1240","0,00%"
"15.10.2020","0,1270","0,1320","0,1370","0,1220","0,00%"
"14.10.2020","0,1270","0,1320","0,1340","0,1270","-1,55%"
"13.10.2020","0,1290","0,1340","0,1420","0,1290","-3,73%"
"09.10.2020","0,1340","0,1340","0,1400","0,1290","1,52%"
"08.10.2020","0,1320","0,1340","0,1340","0,1270","0,00%"
"07.10.2020","0,1320","0,1400","0,1450","0,1290","6,45%"
"06.10.2020","0,1240","0,1270","0,1340","0,1220","0,00%"
"05.10.2020","0,1240","0,1220","0,1290","0,1190","4,03%"
"04.10.2020","0,1192","0,1192","0,1192","0,1192","1,88%"
"02.10.2020","0,1170","0,1220","0,1270","0,1140","0,00%"
"01.10.2020","0,1170","0,1240","0,1290","0,1170","-1,68%"
"30.09.2020","0,1190","0,1240","0,1240","0,1120","1,71%"
"29.09.2020","0,1170","0,1270","0,1290","0,1170","-1,68%"
"28.09.2020","0,1190","0,1290","0,1290","0,1190","-2,30%"
"27.09.2020","0,1218","0,1218","0,1218","0,1218","2,35%"
"25.09.2020","0,1190","0,1240","0,1290","0,1170","-2,46%"
"24.09.2020","0,1220","0,1240","0,1290","0,1190","2,52%"
"23.09.2020","0,1190","0,1290","0,1290","0,1190","-2,46%"
"22.09.2020","0,1220","0,1290","0,1290","0,1190","2,52%"
"21.09.2020","0,1190","0,1340","0,1340","0,1170","-2,46%"
"18.09.2020","0,1220","0,1220","0,1320","0,1190","2,52%"
"17.09.2020","0,1190","0,1340","0,1340","0,1190","-4,03%"
"16.09.2020","0,1240","0,1290","0,1400","0,1220","-3,88%"
"15.09.2020","0,1290","0,1550","0,1550","0,1290","-2,27%"
"14.09.2020","0,1320","0,1450","0,1450","0,1320","-1,86%"
"13.09.2020","0,1345","0,1345","0,1345","0,1345","-1,82%"
"11.09.2020","0,1370","0,1400","0,1470","0,1340","-2,14%"
"10.09.2020","0,1400","0,1400","0,1450","0,1370","2,19%"
"09.09.2020","0,1370","0,1500","0,1500","0,1370","0,00%"
"08.09.2020","0,1370","0,1320","0,1400","0,1290","6,20%"
"04.09.2020","0,1290","0,1240","0,1320","0,1190","8,40%"
"03.09.2020","0,1190","0,1320","0,1320","0,1170","-4,03%"
"02.09.2020","0,1240","0,1290","0,1290","0,1190","1,64%"
"01.09.2020","0,1220","0,1340","0,1340","0,1220","0,00%"
"31.08.2020","0,1220","0,1220","0,1370","0,1190","2,52%"
"28.08.2020","0,1190","0,1290","0,1470","0,1170","-7,75%"
"27.08.2020","0,1290","0,1420","0,1420","0,1190","4,03%"
"26.08.2020","0,1240","0,1450","0,1450","0,1240","-3,88%"
"25.08.2020","0,1290","0,1400","0,1400","0,1270","0,00%"
"24.08.2020","0,1290","0,1290","0,1400","0,1270","1,65%"
"23.08.2020","0,1269","0,1269","0,1269","0,1269","-0,08%"
"21.08.2020","0,1270","0,1370","0,1370","0,1190","2,42%"
"20.08.2020","0,1240","0,1420","0,1420","0,1220","0,00%"
"19.08.2020","0,1240","0,1270","0,1420","0,1240","-2,36%"
"18.08.2020","0,1270","0,1270","0,1420","0,1240","0,00%"
"17.08.2020","0,1270","0,1470","0,1470","0,1240","-3,71%"
"16.08.2020","0,1319","0,1319","0,1319","0,1319","-1,57%"
"14.08.2020","0,1340","0,1620","0,1620","0,1340","-5,63%"
"13.08.2020","0,1420","0,1620","0,1620","0,1400","1,43%"
"12.08.2020","0,1400","0,1570","0,1570","0,1400","-1,41%"
"11.08.2020","0,1420","0,1340","0,1550","0,1340","7,58%"
"10.08.2020","0,1320","0,1290","0,1400","0,1270","0,08%"
"09.08.2020","0,1319","0,1319","0,1319","0,1319","2,25%"
"07.08.2020","0,1290","0,1420","0,1450","0,1240","1,57%"
"06.08.2020","0,1270","0,1420","0,1450","0,1220","2,42%"
"05.08.2020","0,1240","0,1320","0,1340","0,1170","4,20%"
"04.08.2020","0,1190","0,1340","0,1400","0,1170","0,00%"
"03.08.2020","0,1190","0,1290","0,1290","0,1120","4,20%"
"02.08.2020","0,1142","0,1142","0,1142","0,1142","-2,39%"
"31.07.2020","0,1170","0,1320","0,1320","0,1120","0,00%"
"30.07.2020","0,1170","0,1420","0,1420","0,1140","-9,30%"
"29.07.2020","0,1290","0,1520","0,1520","0,1270","-5,84%"
"28.07.2020","0,1370","0,1570","0,1570","0,1340","-5,52%"
"27.07.2020","0,1450","0,1570","0,1570","0,1400","2,04%"
"26.07.2020","0,1421","0,1421","0,1421","0,1421","0,07%"
"24.07.2020","0,1420","0,1450","0,1450","0,1420","1,43%"
"23.07.2020","0,1400","0,1420","0,1450","0,1400","-1,41%"
"22.07.2020","0,1420","0,1570","0,1570","0,1400","-2,07%"
"21.07.2020","0,1450","0,1600","0,1600","0,1420","-1,36%"
"20.07.2020","0,1470","0,1420","0,1570","0,1420","1,38%"
"17.07.2020","0,1450","0,1550","0,1550","0,1420","-1,36%"
"16.07.2020","0,1470","0,1730","0,1730","0,1450","-3,29%"
"15.07.2020","0,1520","0,1680","0,1680","0,1520","-1,94%"
"14.07.2020","0,1550","0,1680","0,1680","0,1550","-1,27%"
"13.07.2020","0,1570","0,1620","0,1620","0,1470","6,66%"
"12.07.2020","0,1472","0,1472","0,1472","0,1472","-3,16%"
"10.07.2020","0,1520","0,1650","0,1650","0,1450","0,00%"
"09.07.2020","0,1520","0,1730","0,1730","0,1520","-3,18%"
"08.07.2020","0,1570","0,1730","0,1730","0,1550","0,00%"
"07.07.2020","0,1570","0,1730","0,1730","0,1570","-1,87%"
"06.07.2020","0,1600","0,1730","0,1730","0,1570","1,72%"
"05.07.2020","0,1573","0,1573","0,1573","0,1573","0,19%"
"02.07.2020","0,1570","0,1730","0,1730","0,1570","-3,09%"
"01.07.2020","0,1620","0,1730","0,1730","0,1570","1,25%"
"30.06.2020","0,1600","0,1620","0,1730","0,1550","0,00%"
"29.06.2020","0,1600","0,1780","0,1780","0,1570","-3,03%"
"28.06.2020","0,1650","0,1650","0,1650","0,1650","1,85%"
"26.06.2020","0,1620","0,1730","0,1900","0,1620","-8,99%"
"25.06.2020","0,1780","0,1900","0,1900","0,1730","0,00%"
"24.06.2020","0,1780","0,1930","0,1930","0,1750","0,00%"
"23.06.2020","0,1780","0,1880","0,1900","0,1730","1,71%"
"22.06.2020","0,1750","0,1930","0,1930","0,1730","-1,52%"
"21.06.2020","0,1777","0,1777","0,1777","0,1777","-0,17%"
"19.06.2020","0,1780","0,1800","0,1960","0,1750","-2,73%"
"18.06.2020","0,1830","0,2110","0,2110","0,1830","-5,18%"
"17.06.2020","0,1930","0,2000","0,2030","0,1880","0,00%"
"16.06.2020","0,1930","0,1950","0,1950","0,1780","8,43%"
"15.06.2020","0,1780","0,1780","0,1930","0,1780","0,00%"
"12.06.2020","0,1780","0,1880","0,2160","0,1750","-2,73%"
"11.06.2020","0,1830","0,1850","0,2000","0,1800","-1,08%"
"10.06.2020","0,1850","0,2000","0,2080","0,1830","-1,60%"
"09.06.2020","0,1880","0,2000","0,2080","0,1880","0,00%"
"08.06.2020","0,1880","0,1980","0,1980","0,1800","2,90%"
"07.06.2020","0,1827","0,1878","0,1878","0,1827","-0,16%"
"05.06.2020","0,1830","0,1880","0,1950","0,1700","5,78%"
"04.06.2020","0,1730","0,1880","0,1880","0,1700","-3,89%"
"03.06.2020","0,1800","0,1830","0,1900","0,1680","5,88%"
"02.06.2020","0,1700","0,1830","0,1900","0,1650","0,00%"
"01.06.2020","0,1700","0,1880","0,1950","0,1680","-1,51%"
"31.05.2020","0,1726","0,1751","0,1751","0,1726","-0,23%"
"29.05.2020","0,1730","0,1880","0,1980","0,1700","-3,89%"
"28.05.2020","0,1800","0,1980","0,2060","0,1780","-1,64%"
"27.05.2020","0,1830","0,1980","0,1980","0,1680","5,78%"
"26.05.2020","0,1730","0,1830","0,1880","0,1620","6,53%"
"25.05.2020","0,1624","0,1624","0,1624","0,1624","-1,58%"
"22.05.2020","0,1650","0,1830","0,1830","0,1620","0,00%"
"21.05.2020","0,1650","0,1780","0,1830","0,1570","3,13%"
"20.05.2020","0,1600","0,1880","0,1900","0,1570","1,91%"
"19.05.2020","0,1570","0,1570","0,1830","0,1550","-4,85%"
"18.05.2020","0,1650","0,1570","0,1680","0,1470","10,22%"
"17.05.2020","0,1497","0,1497","0,1497","0,1497","1,84%"
"15.05.2020","0,1470","0,1520","0,1620","0,1450","-6,37%"
"14.05.2020","0,1570","0,1570","0,1730","0,1470","1,29%"
"13.05.2020","0,1550","0,1550","0,1680","0,1520","-3,12%"
"12.05.2020","0,1600","0,1550","0,1680","0,1550","0,00%"
"11.05.2020","0,1600","0,1600","0,1730","0,1420","-8,62%"
"10.05.2020","0,1751","0,1751","0,1751","0,1751","16,73%"
"08.05.2020","0,1500","0,1620","0,1620","0,1270","5,63%"
"07.05.2020","0,1420","0,1600","0,1850","0,1370","-12,35%"
"06.05.2020","0,1620","0,1730","0,1730","0,1600","0,00%"
"05.05.2020","0,1620","0,1600","0,1700","0,1570","-1,82%"
"04.05.2020","0,1650","0,1930","0,1930","0,1570","-1,49%"
"03.05.2020","0,1675","0,1675","0,1675","0,1675","0,30%"
"01.05.2020","0,1670","0,1930","0,1930","0,1600","0,00%"
"30.04.2020","0,1670","0,1880","0,1880","0,1500","1,21%"
"29.04.2020","0,1650","0,1700","0,1850","0,1570","-1,20%"
"28.04.2020","0,1670","0,2030","0,2030","0,1620","-6,18%"
"27.04.2020","0,1780","0,1960","0,1960","0,1680","4,71%"
"26.04.2020","0,1700","0,1700","0,1700","0,1700","0,00%"
"24.04.2020","0,1700","0,1929","0,1929","0,1675","-1,73%"
"23.04.2020","0,1730","0,1878","0,1878","0,1599","4,85%"
"22.04.2020","0,1650","0,1726","0,1624","0,1751","13,79%"
"21.04.2020","0,1450","0,1827","0,1827","0,1370","-7,64%"
"20.04.2020","0,1570","0,1629","0,5088","0,0966","-4,79%"
"19.04.2020","0,1649","0,1649","0,1649","0,1649","-1,26%"
"17.04.2020","0,1670","0,3772","0,5088","0,0966","-6,18%"
"16.04.2020","0,1780","0,1527","0,5088","0,0966","-6,32%"
"15.04.2020","0,1900","0,2590","0,2590","0,1853","-21,16%"
"14.04.2020","0,2410","0,2475","0,2310","0,5088","-10,41%"
"13.04.2020","0,2690","0,2896","0,2896","0,2412","-4,58%"
"12.04.2020","0,2819","0,2819","0,2819","0,2819","13,21%"
"09.04.2020","0,2490","0,2260","0,4630","0,2060","5,51%"
"08.04.2020","0,2360","0,1880","0,4270","0,1780","19,19%"
"07.04.2020","0,1980","0,1600","0,4040","0,1570","14,45%"
"06.04.2020","0,1730","0,3910","0,3910","0,1450","17,53%"
"05.04.2020","0,1472","0,1472","0,1472","0,1472","-1,87%"
"03.04.2020","0,1500","0,3840","0,3840","0,1420","0,00%"
"02.04.2020","0,1500","0,1470","0,3790","0,1370","-4,46%"
"01.04.2020","0,1570","0,1830","0,4120","0,1450","3,29%"
"31.03.2020","0,1520","0,1450","0,3840","0,1290","8,57%"
"30.03.2020","0,1400","0,1170","0,3660","0,1170","12,63%"
"29.03.2020","0,1243","0,1218","0,1243","0,1218","0,24%"
"27.03.2020","0,1240","0,1320","0,2850","0,1140","-3,88%"
"26.03.2020","0,1290","0,1850","0,3460","0,1240","-33,16%"
"25.03.2020","0,1930","0,2460","0,3970","0,1830","-18,57%"
"24.03.2020","0,2370","0,1480","0,3060","0,1400","43,64%"
"23.03.2020","0,1650","0,1270","0,2650","0,0970","24,72%"
"22.03.2020","0,1323","0,1323","0,1323","0,1323","-5,50%"
"20.03.2020","0,1400","0,2420","0,2420","0,1250","-12,50%"
"19.03.2020","0,1600","0,1830","0,3360","0,1420","-14,89%"
"18.03.2020","0,1880","0,3870","0,3870","0,1530","-29,06%"
"17.03.2020","0,2650","0,2730","0,3770","0,2550","-6,36%"
"16.03.2020","0,2830","0,2110","0,4770","0,1370","-7,43%"
"15.03.2020","0,3057","0,3516","0,3516","0,3057","-16,70%"
"13.03.2020","0,3670","0,3640","0,5510","0,3390","2,23%"
"12.03.2020","0,3590","0,3770","0,5610","0,2980","-10,92%"
"11.03.2020","0,4030","0,4380","0,6020","0,3490","0,75%"
"10.03.2020","0,4000","0,3540","0,5870","0,3360","37,93%"
"09.03.2020","0,2900","0,3930","0,5970","0,2090","-26,60%"
"08.03.2020","0,3951","0,4002","0,4002","0,3951","2,62%"
"06.03.2020","0,3850","0,4740","0,6820","0,3360","-19,79%"
"05.03.2020","0,4800","0,5920","0,6260","0,4740","-16,81%"
"04.03.2020","0,5770","0,7230","0,7460","0,5720","-19,64%"
"03.03.2020","0,7180","0,9730","0,9730","0,6820","-18,87%"
"02.03.2020","0,8850","0,9930","1,0190","0,7870","-10,68%"
"01.03.2020","0,9908","0,9908","0,9908","0,9908","0,79%"
"28.02.2020","0,9830","1,1970","1,1970","0,9620","-16,13%"
"27.02.2020","1,1720","1,2600","1,2750","1,1330","-6,76%"
"26.02.2020","1,2570","1,3190","1,3220","1,2570","-4,63%"
"25.02.2020","1,3180","1,3600","1,3800","1,3130","-3,44%"
"24.02.2020","1,3650","1,4380","1,4610","1,3550","-5,05%"
"23.02.2020","1,4376","1,4376","1,4376","1,4376","-0,17%"
"21.02.2020","1,4400","1,4690","1,4920","1,4320","-1,97%"
"20.02.2020","1,4690","1,4900","1,5000","1,4610","-0,88%"
"19.02.2020","1,4820","1,4870","1,4970","1,4740","0,34%"
"18.02.2020","1,4770","1,4790","1,4950","1,4690","-0,33%"
"17.02.2020","1,4819","1,4845","1,4845","1,4819","0,33%"
"14.02.2020","1,4770","1,4970","1,5080","1,4740","-1,07%"
"13.02.2020","1,4930","1,5030","1,5160","1,4740","0,00%"
"12.02.2020","1,4930","1,4900","1,4980","1,4800","0,74%"
"11.02.2020","1,4820","1,4720","1,4850","1,4720","1,23%"
"10.02.2020","1,4640","1,4950","1,4950","1,4640","-1,41%"
"09.02.2020","1,4849","1,4901","1,4901","1,4849","-0,14%"
"07.02.2020","1,4870","1,5030","1,5160","1,4800","-1,26%"
"06.02.2020","1,5060","1,5060","1,5060","1,4880","0,74%"
"05.02.2020","1,4950","1,4800","1,5110","1,4800","0,67%"
"04.02.2020","1,4850","1,4690","1,4880","1,4590","1,78%"
"03.02.2020","1,4590","1,4570","1,4750","1,4460","0,89%"
"02.02.2020","1,4462","1,4462","1,4462","1,4462","0,15%"
"31.01.2020","1,4440","1,5010","1,5010","1,4440","-2,30%"
"30.01.2020","1,4780","1,5170","1,5190","1,4650","-2,18%"
"29.01.2020","1,5110","1,5400","1,5430","1,5060","-2,14%"
"28.01.2020","1,5440","1,5390","1,5650","1,5310","0,19%"
"27.01.2020","1,5410","1,5490","1,5590","1,5210","-0,19%"
"26.01.2020","1,5440","1,5362","1,5440","1,5362","0,32%"
"24.01.2020","1,5390","1,5570","1,5620","1,5280","-1,03%"
"23.01.2020","1,5550","1,5420","1,5620","1,5340","0,71%"
"22.01.2020","1,5440","1,5360","1,5830","1,5360","0,52%"
"21.01.2020","1,5360","1,6040","1,6040","1,5340","-1,20%"
"20.01.2020","1,5547","1,5547","1,5547","1,5547","-0,02%"
"17.01.2020","1,5550","1,5880","1,5880","1,5390","0,52%"
"16.01.2020","1,5470","1,5420","1,5940","1,5420","0,19%"
"15.01.2020","1,5440","1,5780","1,5780","1,5260","0,65%"
"14.01.2020","1,5340","1,5320","1,5780","1,5260","0,13%"
"13.01.2020","1,5320","1,5320","1,5370","1,5210","0,37%"
"12.01.2020","1,5264","1,5264","1,5264","1,5264","0,16%"
"10.01.2020","1,5240","1,5840","1,5840","1,5240","-0,85%"
"09.01.2020","1,5370","1,5810","1,5810","1,5370","-0,19%"
"08.01.2020","1,5400","1,5370","1,5530","1,5140","0,20%"
"07.01.2020","1,5370","1,5370","1,5450","1,5270","-0,71%"
"06.01.2020","1,5480","1,5420","1,5550","1,5320","-0,64%"
"05.01.2020","1,5580","1,5580","1,5580","1,5580","1,04%"
"03.01.2020","1,5420","1,5660","1,5740","1,5270","-2,16%"
"02.01.2020","1,5760","1,5790","1,5840","1,5580","-0,19%"
"01.01.2020","1,5790","1,5790","1,5790","1,5790","-0,19%"
"31.12.2019","1,5820","1,5820","1,5840","1,5690","4,01%"
"30.12.2019","1,5210","1,5050","1,6010","1,5050","0,89%"
"29.12.2019","1,5076","1,5076","1,5076","1,5076","-0,03%"
"27.12.2019","1,5080","1,6250","1,6250","1,5050","-1,37%"
"26.12.2019","1,5290","1,5280","1,5390","1,5280","-0,14%"
"25.12.2019","1,5312","1,5312","1,5312","1,5312","0,01%"
"24.12.2019","1,5310","1,6300","1,6300","1,5290","-0,33%"
"23.12.2019","1,5360","1,6200","1,6200","1,5210","0,99%"
"22.12.2019","1,5209","1,5209","1,5209","1,5209","-0,20%"
"20.12.2019","1,5240","1,6170","1,6170","1,5160","0,20%"
"19.12.2019","1,5210","1,5310","1,6250","1,5160","-0,33%"
"18.12.2019","1,5260","1,6300","1,6300","1,5260","-0,52%"
"17.12.2019","1,5340","1,5320","1,6300","1,5320","-0,32%"
"16.12.2019","1,5390","1,6250","1,6250","1,5260","0,83%"
"15.12.2019","1,5264","1,5264","1,5264","1,5264","-0,50%"
"13.12.2019","1,5340","1,5580","1,5910","1,5320","-2,48%"
"12.12.2019","1,5730","1,6460","1,6460","1,5400","1,29%"
"11.12.2019","1,5530","1,6050","1,6050","1,5500","-0,45%"
"10.12.2019","1,5600","1,6020","1,6020","1,5480","0,13%"
"09.12.2019","1,5580","1,5630","1,6050","1,5530","-0,17%"
"08.12.2019","1,5606","1,5606","1,5606","1,5606","-0,15%"
"06.12.2019","1,5630","1,6050","1,6050","1,5580","0,32%"
"05.12.2019","1,5580","1,6100","1,6100","1,5580","-0,32%"
"04.12.2019","1,5630","1,6100","1,6100","1,5630","0,00%"
"03.12.2019","1,5630","1,5990","1,6430","1,5570","-2,19%"
"02.12.2019","1,5980","1,6450","1,6450","1,5930","-0,03%"
"01.12.2019","1,5985","1,5985","1,5985","1,5985","-0,03%"
"29.11.2019","1,5990","1,6430","1,6430","1,5930","0,35%"
"28.11.2019","1,5935","1,5961","1,5961","1,5935","-0,49%"
"27.11.2019","1,6013","1,5830","1,6300","1,5650","1,16%"
"26.11.2019","1,5830","1,6220","1,6220","1,5680","0,32%"
"25.11.2019","1,5780","1,6120","1,6120","1,5620","0,82%"
"24.11.2019","1,5651","1,5651","1,5651","1,5651","0,01%"
"22.11.2019","1,5650","1,5600","1,5700","1,5420","0,97%"
"21.11.2019","1,5500","1,5310","1,5780","1,5310","1,17%"
"20.11.2019","1,5320","1,5420","1,5840","1,5290","-0,65%"
"19.11.2019","1,5420","1,5910","1,5910","1,5370","-0,19%"
"18.11.2019","1,5450","1,5910","1,5910","1,5420","-0,14%"
"17.11.2019","1,5472","1,5472","1,5472","1,5472","0,01%"
"15.11.2019","1,5470","1,6510","1,6510","1,5420","-0,39%"
"14.11.2019","1,5530","1,5680","1,6670","1,5500","-0,83%"
"13.11.2019","1,5660","1,5810","1,6570","1,5600","-1,14%"
"12.11.2019","1,5840","1,5810","1,6570","1,5810","0,01%"
"11.11.2019","1,5839","1,5839","1,5839","1,5839","0,18%"
"08.11.2019","1,5810","1,5890","1,5920","1,5680","-0,38%"
"07.11.2019","1,5870","1,6540","1,6540","1,5790","0,51%"
"06.11.2019","1,5790","1,6100","1,6780","1,5790","-1,37%"
"05.11.2019","1,6010","1,5720","1,6040","1,5590","2,63%"
"04.11.2019","1,5600","1,5390","1,5650","1,5310","1,89%"
"03.11.2019","1,5310","1,5310","1,5310","1,5310","0,20%"
"01.11.2019","1,5280","1,5280","1,5650","1,5280","-0,07%"
"31.10.2019","1,5290","1,5830","1,5860","1,5210","-4,20%"
"30.10.2019","1,5960","1,5990","1,6090","1,5700","0,00%"
"29.10.2019","1,5960","1,6070","1,6220","1,5830","-0,99%"
"28.10.2019","1,6120","1,6170","1,6250","1,6040","0,66%"
"27.10.2019","1,6015","1,6015","1,6015","1,6015","-0,34%"
"25.10.2019","1,6070","1,5940","1,6150","1,5890","0,69%"
"24.10.2019","1,5960","1,5990","1,5990","1,5810","0,63%"
"23.10.2019","1,5860","1,5990","1,6020","1,5680","0,00%"
"22.10.2019","1,5860","1,6040","1,6040","1,5680","-0,19%"
"21.10.2019","1,5890","1,5890","1,5940","1,5650","0,67%"
"20.10.2019","1,5784","1,5784","1,5784","1,5784","0,03%"
"18.10.2019","1,5780","1,6040","1,6040","1,5680","-1,00%"
"17.10.2019","1,5940","1,6100","1,6100","1,5840","0,00%"
"16.10.2019","1,5940","1,6380","1,6570","1,5890","-3,16%"
"15.10.2019","1,6460","1,6620","1,6780","1,6100","-1,27%"
"14.10.2019","1,6672","1,6594","1,6672","1,6594","0,62%"
"11.10.2019","1,6570","1,6260","1,6880","1,6150","2,41%"
"10.10.2019","1,6180","1,6000","1,6280","1,5710","1,13%"
"09.10.2019","1,6000","1,6150","1,6260","1,5820","-0,06%"
"08.10.2019","1,6010","1,7290","1,7290","1,6010","-3,15%"
"07.10.2019","1,6530","1,6250","1,6583","1,5930","3,07%"
"06.10.2019","1,6037","1,6037","1,6037","1,6037","0,17%"
"04.10.2019","1,6010","1,6250","1,6430","1,5960","-0,31%"
"03.10.2019","1,6060","1,6870","1,7500","1,5910","-4,23%"
"02.10.2019","1,6770","1,7290","1,7910","1,6740","-3,45%"
"01.10.2019","1,7370","1,7650","1,8330","1,7190","-1,75%"
"30.09.2019","1,7680","1,7730","1,7758","1,7600","-0,15%"
"29.09.2019","1,7707","1,7707","1,7707","1,7707","0,61%"
"27.09.2019","1,7600","1,7920","1,7920","1,7550","-1,18%"
"26.09.2019","1,7810","1,8260","1,8260","1,7810","-2,14%"
"25.09.2019","1,8200","1,7996","1,8257","1,7940","1,45%"
"24.09.2019","1,7940","1,8127","1,8127","1,7920","-1,05%"
"23.09.2019","1,8130","1,8440","1,8490","1,8100","-1,41%"
"22.09.2019","1,8389","1,8389","1,8389","1,8389","-0,71%"
"20.09.2019","1,8520","2,0140","2,0140","1,8360","-1,38%"
"19.09.2019","1,8780","1,9800","1,9880","1,8470","1,24%"
"18.09.2019","1,8550","1,8680","1,8940","1,8180","-0,86%"
"17.09.2019","1,8710","1,9120","1,9120","1,8520","0,16%"
"16.09.2019","1,8680","1,9150","1,9150","1,8340","-0,29%"
"15.09.2019","1,8734","1,8734","1,8734","1,8734","0,13%"
"13.09.2019","1,8710","1,8450","1,9050","1,8190","2,75%"
"12.09.2019","1,8210","1,8450","1,8680","1,7740","1,73%"
"11.09.2019","1,7900","1,8140","1,8140","1,7900","-1,32%"
"10.09.2019","1,8140","1,7830","1,8220","1,7550","3,07%"
"09.09.2019","1,7600","1,7490","1,7730","1,7420","0,61%"
"08.09.2019","1,7494","1,7494","1,7494","1,7494","0,14%"
"06.09.2019","1,7470","1,7600","1,7650","1,7340","-0,29%"
"05.09.2019","1,7520","1,7000","1,7730","1,6970","2,88%"
"04.09.2019","1,7030","1,7450","1,7450","1,6980","-2,07%"
"03.09.2019","1,7390","1,7650","1,7730","1,7370","-1,93%"
"02.09.2019","1,7732","1,7732","1,7732","1,7732","0,01%"
"30.08.2019","1,7730","1,7600","1,7225","1,7600","0,40%"
"29.08.2019","1,7660","1,7470","1,7680","1,7450","0,91%"
"28.08.2019","1,7500","1,7580","1,7600","1,7420","-0,74%"
"27.08.2019","1,7630","1,7500","1,7630","1,7450","0,28%"
"26.08.2019","1,7580","1,7320","1,7610","1,7320","1,50%"
"25.08.2019","1,7320","1,7320","1,7320","1,7320","0,00%"
"23.08.2019","1,7320","1,7920","1,8130","1,7290","-3,51%"
"22.08.2019","1,7950","1,7820","1,7970","1,7660","1,18%"
"21.08.2019","1,7740","1,7220","1,7790","1,7220","2,25%"
"20.08.2019","1,7350","1,7530","1,7530","1,7240","-0,57%"
"19.08.2019","1,7450","1,7140","1,7530","1,7120","1,64%"
"18.08.2019","1,7168","1,7168","1,7168","1,7168","1,05%"
"16.08.2019","1,6990","1,7090","1,7400","1,6990","-1,22%"
"15.08.2019","1,7200","1,7850","1,7870","1,7010","-3,64%"
"14.08.2019","1,7850","1,8610","1,8610","1,7820","-4,49%"
"13.08.2019","1,8690","1,7750","1,8740","1,7680","5,41%"
"12.08.2019","1,7730","1,7940","1,7940","1,7620","-1,30%"
"11.08.2019","1,7963","1,7963","1,7963","1,7963","0,13%"
"09.08.2019","1,7940","1,7940","1,7960","1,7700","0,17%"
"08.08.2019","1,7910","1,7860","1,8090","1,7630","1,59%"
"07.08.2019","1,7630","1,8200","1,8230","1,7420","-3,40%"
"06.08.2019","1,8250","1,8020","1,8360","1,7940","1,45%"
"05.08.2019","1,7990","1,8570","1,8960","1,7580","-3,38%"
"04.08.2019","1,8619","1,8619","1,8619","1,8619","-0,27%"
"02.08.2019","1,8670","1,8990","1,9110","1,8520","-1,01%"
"01.08.2019","1,8860","2,0110","2,0110","1,8730","-5,98%"
"31.07.2019","2,0060","1,9880","2,0270","1,9480","1,06%"
"30.07.2019","1,9850","1,9880","1,9900","1,9820","-0,15%"
"29.07.2019","1,9880","1,9930","1,9930","1,9830","-0,52%"
"28.07.2019","1,9983","1,9983","1,9983","1,9983","0,27%"
"26.07.2019","1,9930","1,9800","2,0010","1,9720","0,25%"
"25.07.2019","1,9880","1,9670","1,9960","1,9570","0,81%"
"24.07.2019","1,9720","1,9700","1,9750","1,9590","-0,05%"
"23.07.2019","1,9730","1,9460","1,9780","1,9460","1,23%"
"22.07.2019","1,9490","1,9390","1,9520","1,9360","0,53%"
"21.07.2019","1,9387","1,9387","1,9387","1,9387","-0,02%"
"19.07.2019","1,9390","1,9180","1,9470","1,8840","1,62%"
"18.07.2019","1,9080","1,9520","1,9520","1,8840","-2,00%"
"17.07.2019","1,9470","1,9680","1,9780","1,9420","-2,26%"
"16.07.2019","1,9920","1,9680","2,0020","1,9610","1,32%"
"15.07.2019","1,9660","1,9660","1,9710","1,9470","0,01%"
"14.07.2019","1,9659","1,9659","1,9659","1,9659","0,15%"
"12.07.2019","1,9630","1,9790","1,9790","1,9580","-0,30%"
"11.07.2019","1,9690","1,9480","1,9820","1,9350","1,23%"
"10.07.2019","1,9450","2,0210","2,0320","1,9430","-3,52%"
"09.07.2019","2,0160","2,0210","2,0240","1,9870","1,20%"
"08.07.2019","1,9920","1,9950","2,0060","1,9530","-1,70%"
"07.07.2019","2,0265","2,0265","2,0265","2,0265","1,68%"
"05.07.2019","1,9930","1,9200","1,9950","1,9170","3,54%"
"04.07.2019","1,9248","1,9248","1,9248","1,9248","0,15%"
"03.07.2019","1,9220","1,9200","1,9270","1,9120","-0,16%"
"02.07.2019","1,9250","1,9430","1,9460","1,9220","-1,23%"
"01.07.2019","1,9490","1,9380","1,9620","1,9330","0,56%"
"30.06.2019","1,9382","1,9382","1,9382","1,9382","0,42%"
"28.06.2019","1,9300","1,9590","1,9620","1,9230","-0,97%"
"27.06.2019","1,9490","1,9700","1,9700","1,9490","-1,17%"
"26.06.2019","1,9720","1,9390","1,9720","1,9390","1,60%"
"25.06.2019","1,9410","1,9230","1,9570","1,9200","0,67%"
"24.06.2019","1,9280","1,9390","1,9390","1,9200","-0,82%"
"23.06.2019","1,9439","1,9439","1,9439","1,9439","-0,01%"
"21.06.2019","1,9440","1,9280","1,9540","1,9230","1,78%"
"20.06.2019","1,9100","1,9390","1,9470","1,8890","-3,58%"
"19.06.2019","1,9810","2,0540","2,0730","1,9390","-4,81%"
"18.06.2019","2,0810","2,0490","2,0890","2,0230","1,66%"
"17.06.2019","2,0470","2,0340","2,0550","2,0180","1,69%"
"16.06.2019","2,0129","2,0129","2,0129","2,0129","-0,40%"
"14.06.2019","2,0210","2,0020","2,0340","1,9820","0,80%"
"13.06.2019","2,0050","2,0420","2,0420","2,0030","-1,43%"
"12.06.2019","2,0340","2,0630","2,0630","2,0290","-1,17%"
"11.06.2019","2,0580","2,0370","2,0660","2,0340","1,58%"
"10.06.2019","2,0260","1,9900","2,0420","1,9900","2,48%"
"09.06.2019","1,9769","1,9769","1,9769","1,9769","-1,45%"
"07.06.2019","2,0060","2,0530","2,0530","1,9800","-1,76%"
"06.06.2019","2,0420","2,0530","2,0560","2,0110","-0,54%"
"05.06.2019","2,0530","2,1370","2,1370","2,0370","-3,43%"
"04.06.2019","2,1260","2,1290","2,1680","2,1210","-0,51%"
"03.06.2019","2,1370","2,2260","2,2260","2,1260","-4,01%"
"02.06.2019","2,2263","2,2263","2,2263","2,2263","0,46%"
"31.05.2019","2,2160","2,2950","2,3000","2,2110","-3,86%"
"30.05.2019","2,3050","2,3000","2,3160","2,3000","0,22%"
"29.05.2019","2,3000","2,3060","2,3080","2,2900","-0,48%"
"28.05.2019","2,3110","2,3270","2,3500","2,3110","-0,67%"
"27.05.2019","2,3267","2,3294","2,3294","2,3267","-0,23%"
"24.05.2019","2,3320","2,3110","2,3350","2,3110","0,65%"
"23.05.2019","2,3170","2,3590","2,3610","2,3170","-1,86%"
"22.05.2019","2,3610","2,3670","2,3690","2,3590","-0,46%"
"21.05.2019","2,3720","2,3350","2,3720","2,3350","1,15%"
"20.05.2019","2,3450","2,3350","2,3450","2,3250","0,42%"
"19.05.2019","2,3351","2,3351","2,3351","2,3351","-0,12%"
"17.05.2019","2,3380","2,3300","2,3380","2,3190","0,13%"
"16.05.2019","2,3350","2,3140","2,3350","2,3090","0,99%"
"15.05.2019","2,3120","2,3250","2,3250","2,3010","-0,69%"
"14.05.2019","2,3280","2,3300","2,3300","2,3220","0,00%"
"13.05.2019","2,3280","2,3670","2,3670","2,3230","-1,66%"
"12.05.2019","2,3674","2,3674","2,3674","2,3674","0,23%"
"10.05.2019","2,3620","2,3670","2,3700","2,3590","-0,25%"
"09.05.2019","2,3680","2,3810","2,3810","2,3570","-0,34%"
"08.05.2019","2,3760","2,3680","2,3840","2,3650","0,21%"
"07.05.2019","2,3710","2,3810","2,3810","2,3680","-0,75%"
"06.05.2019","2,3890","2,3810","2,3920","2,3810","-0,77%"
"05.05.2019","2,4076","2,4076","2,4076","2,4076","0,11%"
"03.05.2019","2,4050","2,3970","2,4130","2,3920","0,08%"
"02.05.2019","2,4030","2,3840","2,4050","2,3840","0,88%"
"01.05.2019","2,3820","2,3820","2,3920","2,3400","0,00%"
"30.04.2019","2,3820","2,4080","2,4080","2,3820","-1,20%"
"29.04.2019","2,4110","2,4080","2,4160","2,4080","0,00%"
"26.04.2019","2,4110","2,4160","2,4270","2,4080","-0,66%"
"25.04.2019","2,4270","2,4170","2,4270","2,4170","0,08%"
"24.04.2019","2,4250","2,4430","2,4460","2,4220","-0,49%"
"23.04.2019","2,4370","2,4500","2,4580","2,4350","-0,65%"
"22.04.2019","2,4530","2,4430","2,4610","2,4430","0,74%"
"21.04.2019","2,4349","2,4349","2,4349","2,4349","-0,33%"
"18.04.2019","2,4430","2,4510","2,4530","2,4380","-0,12%"
"17.04.2019","2,4460","2,4430","2,4540","2,4410","0,00%"
"16.04.2019","2,4460","2,4330","2,4460","2,4250","0,41%"
"15.04.2019","2,4360","2,4330","2,4410","2,4300","0,12%"
"14.04.2019","2,4331","2,4331","2,4331","2,4331","-0,12%"
"12.04.2019","2,4360","2,4200","2,4410","2,4170","0,66%"
"11.04.2019","2,4200","2,4050","2,4260","2,4020","0,29%"
"10.04.2019","2,4130","2,4260","2,4280","2,4070","-0,41%"
"09.04.2019","2,4230","2,4260","2,4280","2,4180","-0,25%"
"08.04.2019","2,4290","2,4260","2,4280","2,4230","0,12%"
"07.04.2019","2,4260","2,4260","2,4260","2,4260","0,00%"
"05.04.2019","2,4260","2,4100","2,4310","2,4100","0,62%"
"04.04.2019","2,4110","2,4110","2,4130","2,4080","-0,08%"
"03.04.2019","2,4130","2,4000","2,4190","2,3950","0,29%"
"02.04.2019","2,4060","2,4110","2,4110","2,4030","-0,41%"
"01.04.2019","2,4160","2,3950","2,4190","2,3950","0,75%"
"31.03.2019","2,3979","2,3979","2,3979","2,3979","-0,13%"
"29.03.2019","2,4010","2,3950","2,4140","2,3950","0,21%"
"28.03.2019","2,3960","2,3960","2,4060","2,3930","0,00%"
"27.03.2019","2,3960","2,4330","2,4330","2,3960","-1,32%"
"26.03.2019","2,4280","2,4120","2,4570","2,4120","0,00%"
"25.03.2019","2,4280","2,4440","2,4570","2,4200","-0,76%"
"24.03.2019","2,4466","2,4466","2,4466","2,4466","-0,42%"
"22.03.2019","2,4570","2,4700","2,4760","2,4440","-0,97%"
"21.03.2019","2,4810","2,4630","2,4860","2,4630","0,40%"
"20.03.2019","2,4710","2,4970","2,5020","2,4550","-1,24%"
"19.03.2019","2,5020","2,5080","2,5180","2,5000","-0,56%"
"18.03.2019","2,5160","2,5130","2,5210","2,5130","0,01%"
"17.03.2019","2,5157","2,5157","2,5157","2,5157","-0,09%"
"15.03.2019","2,5180","2,5180","2,5210","2,5160","-0,04%"
"14.03.2019","2,5190","2,5190","2,5240","2,5190","0,00%"
"13.03.2019","2,5190","2,5190","2,5240","2,5190","-0,20%"
"12.03.2019","2,5240","2,5240","2,5300","2,5190","-0,32%"
"11.03.2019","2,5320","2,5190","2,5350","2,5190","0,30%"
"10.03.2019","2,5245","2,5245","2,5245","2,5245","0,02%"
"08.03.2019","2,5240","2,5240","2,5350","2,5190","-0,12%"
"07.03.2019","2,5270","2,5350","2,5350","2,5270","-0,43%"
"06.03.2019","2,5380","2,5410","2,5430","2,5360","-0,31%"
"05.03.2019","2,5460","2,5360","2,5510","2,5360","0,20%"
"04.03.2019","2,5410","2,5440","2,5460","2,5360","-0,42%"
"03.03.2019","2,5517","2,5517","2,5517","2,5517","-0,09%"
"01.03.2019","2,5540","2,5460","2,5540","2,5410","0,47%"
"28.02.2019","2,5420","2,5420","2,5570","2,5360","-0,20%"
"27.02.2019","2,5470","2,5500","2,5550","2,5390","0,35%"
"26.02.2019","2,5380","2,5570","2,5570","2,5360","-0,63%"
"25.02.2019","2,5540","2,5410","2,5570","2,5380","0,40%"
"24.02.2019","2,5437","2,5437","2,5437","2,5437","-0,01%"
"22.02.2019","2,5440","2,5520","2,5550","2,5380","-0,20%"
"21.02.2019","2,5490","2,5440","2,5490","2,5390","0,39%"
"20.02.2019","2,5390","2,5440","2,5440","2,5260","-0,20%"
"19.02.2019","2,5440","2,5440","2,5470","2,5390","-0,02%"
"18.02.2019","2,5445","2,5445","2,5445","2,5445","0,02%"
"15.02.2019","2,5440","2,5450","2,5470","2,5340","0,47%"
"14.02.2019","2,5320","2,5560","2,5560","2,5290","-0,71%"
"13.02.2019","2,5500","2,5400","2,5630","2,5400","0,20%"
"12.02.2019","2,5450","2,5400","2,5530","2,5400","0,00%"
"11.02.2019","2,5450","2,5240","2,5480","2,5240","0,39%"
"10.02.2019","2,5350","2,5350","2,5350","2,5350","0,00%"
"08.02.2019","2,5350","2,5300","2,5350","2,5270","0,00%"
"07.02.2019","2,5350","2,5510","2,5560","2,5350","-0,86%"
"06.02.2019","2,5570","2,5560","2,5620","2,5540","-0,20%"
"05.02.2019","2,5620","2,5620","2,5720","2,5620","-0,19%"
"04.02.2019","2,5670","2,5570","2,5800","2,5570","0,09%"
"03.02.2019","2,5648","2,5648","2,5648","2,5648","-0,09%"
"01.02.2019","2,5670","2,5460","2,5700","2,5460","0,59%"
"31.01.2019","2,5520","2,5730","2,5810","2,5490","-1,24%"
"30.01.2019","2,5840","2,6000","2,6210","2,5790","-0,27%"
"29.01.2019","2,5910","2,5910","2,6010","2,5880","-0,31%"
"28.01.2019","2,5990","2,5960","2,6040","2,5910","0,11%"
"27.01.2019","2,5962","2,5962","2,5962","2,5962","0,01%"
"25.01.2019","2,5960","2,5750","2,5990","2,5750","0,70%"
"24.01.2019","2,5780","2,5810","2,5910","2,5780","-0,50%"
"23.01.2019","2,5910","2,5890","2,5970","2,5810","0,19%"
"22.01.2019","2,5860","2,5920","2,5990","2,5840","-0,42%"
"21.01.2019","2,5970","2,5970","2,5970","2,5970","0,12%"
"18.01.2019","2,5940","2,5660","2,6020","2,5630","0,78%"
"17.01.2019","2,5740","2,5660","2,5820","2,5580","0,31%"
"16.01.2019","2,5660","2,5710","2,5850","2,5660","0,00%"
"15.01.2019","2,5660","2,5770","2,5930","2,5640","-0,31%"
"14.01.2019","2,5740","2,5950","2,5950","2,5640","-0,22%"
"13.01.2019","2,5797","2,5797","2,5797","2,5797","0,10%"
"11.01.2019","2,5770","2,5930","2,6090","2,5770","-0,62%"
"10.01.2019","2,5930","2,6040","2,6140","2,5750","0,00%"
"09.01.2019","2,5930","2,6040","2,6200","2,5860","-0,42%"
"08.01.2019","2,6040","2,5780","2,6090","2,5750","1,13%"
"07.01.2019","2,5750","2,5620","2,5830","2,5460","0,09%"
"06.01.2019","2,5727","2,5727","2,5727","2,5727","0,30%"
"04.01.2019","2,5650","2,5050","2,5730","2,4990","2,31%"
"03.01.2019","2,5070","2,6100","2,6580","2,5070","-3,76%"
"02.01.2019","2,6050","2,6310","2,6340","2,6020","-0,80%"
"01.01.2019","2,6260","2,6260","2,6260","2,6260","0,96%"
"31.12.2018","2,6010","2,5750","2,6120","2,5750","0,39%"
"30.12.2018","2,5910","2,5910","2,5910","2,5910","0,19%"
"28.12.2018","2,5860","2,5860","2,5990","2,5750","0,31%"
"27.12.2018","2,5780","2,6120","2,6150","2,5760","-0,92%"
"26.12.2018","2,6020","2,5970","2,6180","2,5970","0,50%"
"25.12.2018","2,5890","2,5890","2,5890","2,5890","-0,69%"
"24.12.2018","2,6070","2,6340","2,6340","2,5860","-1,03%"
"23.12.2018","2,6340","2,6340","2,6340","2,6340","0,19%"
"21.12.2018","2,6290","2,6370","2,6450","2,6240","-0,19%"
"20.12.2018","2,6340","2,6500","2,6500","2,6290","-0,04%"
"19.12.2018","2,6350","2,6370","2,6500","2,6190","-0,08%"
"18.12.2018","2,6370","2,6560","2,6610","2,6320","-0,83%"
"17.12.2018","2,6590","2,6770","2,6770","2,6530","-0,48%"
"16.12.2018","2,6718","2,6718","2,6718","2,6718","-0,08%"
"14.12.2018","2,6740","2,6880","2,6900","2,6720","-0,63%"
"13.12.2018","2,6910","2,6990","2,6990","2,6880","-0,37%"
"12.12.2018","2,7010","2,6940","2,7090","2,6860","-0,11%"
"11.12.2018","2,7040","2,6780","2,7040","2,6780","0,56%"
"10.12.2018","2,6890","2,6780","2,6880","2,6750","0,21%"
"09.12.2018","2,6834","2,6834","2,6834","2,6834","0,01%"
"07.12.2018","2,6830","2,7020","2,7070","2,6780","-0,70%"
"06.12.2018","2,7020","2,7210","2,7230","2,6920","-0,69%"
"05.12.2018","2,7209","2,7209","2,7209","2,7209","0,55%"
"04.12.2018","2,7060","2,7060","2,7090","2,6980","-0,04%"
"03.12.2018","2,7070","2,6800","2,7090","2,6800","0,89%"
"02.12.2018","2,6830","2,6830","2,6830","2,6830","-0,30%"
"30.11.2018","2,6910","2,6670","2,6910","2,6670","0,37%"
"29.11.2018","2,6810","2,6730","2,6810","2,6680","0,19%"
"28.11.2018","2,6760","2,6840","2,6940","2,6700","-0,19%"
"27.11.2018","2,6810","2,6760","2,6840","2,6680","0,19%"
"26.11.2018","2,6760","2,6710","2,6790","2,6680","0,19%"
"25.11.2018","2,6708","2,6708","2,6708","2,6708","0,18%"
"23.11.2018","2,6660","2,6710","2,6710","2,6600","0,00%"
"22.11.2018","2,6660","2,6660","2,6660","2,6660","-0,11%"
"21.11.2018","2,6690","2,6610","2,6740","2,6610","0,30%"
"20.11.2018","2,6610","2,6660","2,6660","2,6560","0,08%"
"19.11.2018","2,6590","2,6660","2,6770","2,6560","-0,38%"
"18.11.2018","2,6692","2,6692","2,6692","2,6692","-0,18%"
"16.11.2018","2,6740","2,6930","2,7010","2,6690","-0,93%"
"15.11.2018","2,6990","2,7090","2,7090","2,6930","-0,37%"
"14.11.2018","2,7090","2,7200","2,7250","2,7040","-0,51%"
"13.11.2018","2,7230","2,7250","2,7310","2,7230","-0,19%"
"12.11.2018","2,7281","2,7281","2,7281","2,7281","-0,11%"
"09.11.2018","2,7310","2,7310","2,7440","2,7310","-0,29%"
"08.11.2018","2,7390","2,7370","2,7470","2,7290","0,07%"
"07.11.2018","2,7370","2,7310","2,7420","2,7290","1,45%"
"06.11.2018","2,6980","2,6800","2,7040","2,6700","0,56%"
"05.11.2018","2,6830","2,6750","2,6850","2,6670","-0,10%"
"04.11.2018","2,6856","2,6856","2,6856","2,6856","0,21%"
"02.11.2018","2,6800","2,6650","2,6860","2,6570","0,87%"
"01.11.2018","2,6570","2,6650","2,6650","2,6550","-0,30%"
"31.10.2018","2,6650","2,6490","2,6680","2,6470","0,79%"
"30.10.2018","2,6440","2,6440","2,6490","2,6440","0,08%"
"29.10.2018","2,6420","2,6290","2,6520","2,6210","0,51%"
"28.10.2018","2,6287","2,6261","2,6287","2,6261","0,10%"
"26.10.2018","2,6260","2,6450","2,6500","2,6180","-0,83%"
"25.10.2018","2,6480","2,6450","2,6500","2,6370","0,42%"
"24.10.2018","2,6370","2,6560","2,6560","2,6210","-0,60%"
"23.10.2018","2,6530","2,6710","2,6710","2,6450","-0,49%"
"22.10.2018","2,6660","2,6720","2,6720","2,6640","-0,02%"
"21.10.2018","2,6666","2,6666","2,6666","2,6666","-0,02%"
"19.10.2018","2,6670","2,6720","2,6740","2,6610","0,19%"
"18.10.2018","2,6620","2,6640","2,6720","2,6590","0,19%"
"17.10.2018","2,6570","2,6570","2,6620","2,6540","0,00%"
"16.10.2018","2,6570","2,6670","2,6700","2,6540","-0,30%"
"15.10.2018","2,6650","2,6460","2,6650","2,6460","0,60%"
"14.10.2018","2,6491","2,6491","2,6491","2,6491","0,12%"
"12.10.2018","2,6460","2,6520","2,6650","2,6470","-0,23%"
"11.10.2018","2,6520","2,6630","2,6710","2,6520","-0,71%"
"10.10.2018","2,6710","2,6630","2,6810","2,6580","1,67%"
"09.10.2018","2,6270","2,6170","2,6330","2,6120","0,28%"
"08.10.2018","2,6197","2,6197","2,6197","2,6197","-0,01%"
"05.10.2018","2,6200","2,6170","2,6200","2,6120","0,19%"
"04.10.2018","2,6150","2,6070","2,6280","2,6020","0,31%"
"03.10.2018","2,6070","2,5810","2,6090","2,5810","1,01%"
"02.10.2018","2,5810","2,5790","2,5840","2,5730","0,08%"
"01.10.2018","2,5790","2,5710","2,5810","2,5710","0,32%"
"30.09.2018","2,5709","2,5709","2,5709","2,5709","-0,00%"
"28.09.2018","2,5710","2,5810","2,5810","2,5630","-0,23%"
"27.09.2018","2,5770","2,5740","2,5820","2,5630","-0,08%"
"26.09.2018","2,5790","2,5850","2,5870","2,5710","-0,12%"
"25.09.2018","2,5820","2,5850","2,5870","2,5790","0,19%"
"24.09.2018","2,5770","2,5800","2,5850","2,5720","0,30%"
"23.09.2018","2,5692","2,5692","2,5692","2,5692","-0,19%"
"21.09.2018","2,5740","2,5800","2,5800","2,5690","-0,04%"
"20.09.2018","2,5750","2,5780","2,5800","2,5700","0,00%"
"19.09.2018","2,5750","2,5720","2,5830","2,5700","0,12%"
"18.09.2018","2,5720","2,5670","2,5780","2,5620","0,27%"
"17.09.2018","2,5650","2,5620","2,5670","2,5620","0,11%"
"16.09.2018","2,5622","2,5622","2,5622","2,5622","0,01%"
"14.09.2018","2,5620","2,5520","2,5650","2,5520","0,39%"
"13.09.2018","2,5520","2,5420","2,5600","2,5420","0,20%"
"12.09.2018","2,5470","2,5470","2,5570","2,5390","0,99%"
"11.09.2018","2,5220","2,5070","2,5300","2,5070","0,40%"
"10.09.2018","2,5120","2,5070","2,5170","2,5040","0,10%"
"09.09.2018","2,5096","2,5096","2,5096","2,5096","-0,10%"
"07.09.2018","2,5120","2,4700","2,5150","2,4700","1,45%"
"06.09.2018","2,4760","2,4760","2,4840","2,4710","0,00%"
"05.09.2018","2,4760","2,4650","2,4860","2,4650","-0,12%"
"04.09.2018","2,4790","2,4450","2,4790","2,4450","1,08%"
"03.09.2018","2,4526","2,4526","2,4526","2,4526","-0,10%"
"31.08.2018","2,4550","2,4390","2,4600","2,4390","0,20%"
"30.08.2018","2,4500","2,4580","2,4640","2,4450","-0,45%"
"29.08.2018","2,4610","2,4400","2,4660","2,4400","0,20%"
"28.08.2018","2,4560","2,4300","2,4580","2,4300","0,41%"
"27.08.2018","2,4460","2,4350","2,4450","2,4350","0,66%"
"26.08.2018","2,4299","2,4299","2,4299","2,4299","-0,13%"
"24.08.2018","2,4330","2,4190","2,4430","2,4190","0,21%"
"23.08.2018","2,4280","2,4200","2,4350","2,4200","0,12%"
"22.08.2018","2,4250","2,4250","2,4380","2,4200","-0,33%"
"21.08.2018","2,4330","2,4250","2,4380","2,4250","0,33%"
"20.08.2018","2,4250","2,4250","2,4380","2,4250","-0,35%"
"19.08.2018","2,4334","2,4334","2,4334","2,4334","-0,11%"
"17.08.2018","2,4360","2,4410","2,4570","2,4310","-0,45%"
"16.08.2018","2,4470","2,4360","2,4600","2,4360","0,20%"
"15.08.2018","2,4420","2,4600","2,4600","2,4370","1,24%"
"14.08.2018","2,4120","2,4120","2,4230","2,4100","0,21%"
"13.08.2018","2,4070","2,4070","2,4180","2,3990","0,10%"
"12.08.2018","2,4047","2,4073","2,4073","2,4047","0,24%"
"10.08.2018","2,3990","2,4230","2,4340","2,3990","-0,91%"
"09.08.2018","2,4210","2,4290","2,4290","2,4180","-0,21%"
"08.08.2018","2,4260","2,4290","2,4340","2,4210","0,00%"
"07.08.2018","2,4260","2,4180","2,4340","2,4180","0,33%"
"06.08.2018","2,4180","2,4180","2,4260","2,4180","-0,02%"
"05.08.2018","2,4186","2,4186","2,4186","2,4186","-0,02%"
"03.08.2018","2,4190","2,4190","2,4340","2,4160","-0,12%"
"02.08.2018","2,4220","2,4290","2,4560","2,4160","-0,41%"
"01.08.2018","2,4320","2,4190","2,4370","2,4190","0,62%"
"31.07.2018","2,4170","2,4190","2,4240","2,4090","0,12%"
"30.07.2018","2,4140","2,4010","2,4300","2,4010","0,21%"
"29.07.2018","2,4089","2,4089","2,4089","2,4089","-0,00%"
"27.07.2018","2,4090","2,4010","2,4250","2,4010","-0,12%"
"26.07.2018","2,4120","2,3990","2,4220","2,3990","0,46%"
"25.07.2018","2,4010","2,3990","2,4090","2,3990","-0,04%"
"24.07.2018","2,4020","2,3990","2,4170","2,3990","-0,21%"
"23.07.2018","2,4070","2,3890","2,4150","2,3860","0,54%"
"22.07.2018","2,3940","2,3940","2,3940","2,3940","0,00%"
"20.07.2018","2,3940","2,4000","2,4070","2,3890","-0,13%"
"19.07.2018","2,3970","2,4050","2,4180","2,3890","-0,54%"
"18.07.2018","2,4100","2,4080","2,4180","2,4050","1,43%"
"17.07.2018","2,3760","2,3630","2,3810","2,3630","0,34%"
"16.07.2018","2,3680","2,3470","2,3710","2,3470","0,67%"
"15.07.2018","2,3523","2,3523","2,3523","2,3523","0,10%"
"13.07.2018","2,3500","2,3500","2,3600","2,3440","0,13%"
"12.07.2018","2,3470","2,3390","2,3550","2,3390","0,56%"
"11.07.2018","2,3340","2,3240","2,3400","2,3210","0,21%"
"10.07.2018","2,3290","2,3190","2,3350","2,3190","0,22%"
"09.07.2018","2,3240","2,3080","2,3270","2,3080","0,67%"
"08.07.2018","2,3085","2,3085","2,3085","2,3085","-0,24%"
"06.07.2018","2,3140","2,3250","2,3250","2,3110","-0,13%"
"05.07.2018","2,3170","2,3190","2,3300","2,3110","0,12%"
"04.07.2018","2,3142","2,3142","2,3142","2,3142","-0,12%"
"03.07.2018","2,3170","2,3300","2,3400","2,3140","-0,43%"
"02.07.2018","2,3270","2,3200","2,3330","2,3200","0,43%"
"01.07.2018","2,3171","2,3171","2,3171","2,3171","-0,21%"
"29.06.2018","2,3220","2,3090","2,3250","2,3090","0,30%"
"28.06.2018","2,3150","2,3180","2,3180","2,3100","-0,13%"
"27.06.2018","2,3180","2,3200","2,3390","2,3150","-0,43%"
"26.06.2018","2,3280","2,3200","2,3310","2,3200","0,09%"
"25.06.2018","2,3260","2,3280","2,3390","2,3200","0,01%"
"24.06.2018","2,3257","2,3257","2,3257","2,3257","-0,10%"
"22.06.2018","2,3280","2,3310","2,3440","2,3230","-0,39%"
"21.06.2018","2,3370","2,3520","2,3600","2,3260","-0,64%"
"20.06.2018","2,3520","2,3520","2,3580","2,3450","1,34%"
"19.06.2018","2,3210","2,3130","2,3260","2,3100","-0,09%"
"18.06.2018","2,3230","2,3130","2,3260","2,3050","0,43%"
"17.06.2018","2,3130","2,3104","2,3130","2,3104","-0,13%"
"15.06.2018","2,3160","2,3160","2,3160","2,3080","-0,22%"
"14.06.2018","2,3210","2,3190","2,3390","2,3080","-0,47%"
"13.06.2018","2,3320","2,3130","2,3400","2,3080","0,78%"
"12.06.2018","2,3140","2,3080","2,3160","2,3000","0,26%"
"11.06.2018","2,3080","2,2980","2,3110","2,2930","0,44%"
"10.06.2018","2,2980","2,2980","2,2980","2,2980","0,22%"
"08.06.2018","2,2930","2,2980","2,2980","2,2870","-0,22%"
"07.06.2018","2,2980","2,3040","2,3060","2,2900","-0,26%"
"06.06.2018","2,3040","2,2930","2,3060","2,2640","0,83%"
"05.06.2018","2,2850","2,2930","2,2930","2,2570","-0,26%"
"04.06.2018","2,2910","2,2670","2,2930","2,2440","1,16%"
"03.06.2018","2,2647","2,2647","2,2647","2,2647","0,12%"
"01.06.2018","2,2620","2,2250","2,2670","2,2250","1,62%"
"31.05.2018","2,2260","2,2100","2,2340","2,2020","0,72%"
"30.05.2018","2,2100","2,1680","2,2280","2,1450","2,41%"
"29.05.2018","2,1580","2,2470","2,2520","2,1580","-4,29%"
"28.05.2018","2,2548","2,2575","2,2575","2,2548","-0,01%"
"25.05.2018","2,2550","2,2570","2,2780","2,2500","-0,70%"
"24.05.2018","2,2710","2,2890","2,3160","2,2580","-1,13%"
"23.05.2018","2,2970","2,3420","2,3470","2,2840","-0,56%"
"22.05.2018","2,3100","2,3130","2,3420","2,3070","-0,56%"
"21.05.2018","2,3230","2,2870","2,3290","2,2870","1,23%"
"20.05.2018","2,2947","2,2973","2,2973","2,2947","-0,10%"
"18.05.2018","2,2970","2,2870","2,3160","2,2870","0,09%"
"17.05.2018","2,2950","2,2870","2,3060","2,2840","0,57%"
"16.05.2018","2,2820","2,2870","2,3060","2,2820","-0,13%"
"15.05.2018","2,2850","2,2690","2,2900","2,2660","0,84%"
"14.05.2018","2,2660","2,2590","2,2800","2,2560","0,32%"
"13.05.2018","2,2587","2,2587","2,2587","2,2587","-0,01%"
"11.05.2018","2,2590","2,2560","2,2610","2,2510","0,22%"
"10.05.2018","2,2540","2,2490","2,2700","2,2410","0,13%"
"09.05.2018","2,2510","2,2430","2,2510","2,2410","0,31%"
"08.05.2018","2,2440","2,2384","2,2590","2,2226","0,13%"
"07.05.2018","2,2410","2,2360","2,2460","2,2360","0,23%"
"06.05.2018","2,2359","2,2359","2,2359","2,2359","-0,00%"
"04.05.2018","2,2360","2,2250","2,2440","2,2230","0,22%"
"03.05.2018","2,2310","2,2520","2,2680","2,2230","-0,36%"
"02.05.2018","2,2390","2,2520","2,2700","2,2390","-0,58%"
"01.05.2018","2,2520","2,2470","2,2650","2,2420","0,58%"
"30.04.2018","2,2390","2,2470","2,2650","2,2370","-0,01%"
"29.04.2018","2,2392","2,2392","2,2392","2,2392","0,01%"
"27.04.2018","2,2390","2,2470","2,2650","2,2370","-0,13%"
"26.04.2018","2,2420","2,2580","2,2630","2,2370","-0,49%"
"25.04.2018","2,2530","2,2660","2,2690","2,2530","1,44%"
"24.04.2018","2,2210","2,2240","2,2420","2,2160","0,23%"
"23.04.2018","2,2160","2,2010","2,2190","2,1950","0,59%"
"22.04.2018","2,2031","2,2031","2,2031","2,2031","0,10%"
"20.04.2018","2,2010","2,1770","2,2080","2,1770","0,82%"
"19.04.2018","2,1830","2,1570","2,1880","2,1510","1,11%"
"18.04.2018","2,1590","2,1250","2,1700","2,1250","1,22%"
"17.04.2018","2,1330","2,0990","2,1380","2,0990","1,09%"
"16.04.2018","2,1100","2,0940","2,1200","2,0940","0,51%"
"15.04.2018","2,0993","2,1019","2,1019","2,0993","0,01%"
"13.04.2018","2,0990","2,0940","2,1070","2,0920","0,48%"
"12.04.2018","2,0890","2,0760","2,0940","2,0710","1,02%"
"11.04.2018","2,0680","2,0760","2,0920","2,0580","-0,14%"
"10.04.2018","2,0710","2,0660","2,0810","2,0630","0,24%"
"09.04.2018","2,0660","2,0480","2,1000","2,0480","0,64%"
"08.04.2018","2,0529","2,0555","2,0555","2,0529","-0,10%"
"06.04.2018","2,0550","2,0840","2,1210","2,0560","-0,92%"
"05.04.2018","2,0740","2,0580","2,1110","2,0580","0,39%"
"04.04.2018","2,0660","2,0900","2,1240","2,0560","-0,77%"
"03.04.2018","2,0820","2,0790","2,0950","2,0770","-0,14%"
"02.04.2018","2,0850","2,0980","2,1030","2,0770","-0,24%"
"01.04.2018","2,0901","2,0927","2,0927","2,0901","0,00%"
"29.03.2018","2,0900","2,1110","2,1110","2,0900","-0,99%"
"28.03.2018","2,1110","2,1060","2,1530","2,1010","3,84%"
"27.03.2018","2,0330","2,0360","2,0670","2,0260","0,00%"
"26.03.2018","2,0330","2,0360","2,0750","2,0260","-0,15%"
"25.03.2018","2,0361","2,0361","2,0361","2,0361","0,80%"
"23.03.2018","2,0200","2,0360","2,0830","2,0150","-0,93%"
"22.03.2018","2,0390","2,0420","2,0600","2,0310","-0,49%"
"21.03.2018","2,0490","2,0960","2,0960","2,0420","-0,92%"
"20.03.2018","2,0680","2,0650","2,0890","2,0650","0,00%"
"19.03.2018","2,0680","2,0520","2,0730","2,0520","0,51%"
"18.03.2018","2,0575","2,0601","2,0601","2,0575","-0,12%"
"16.03.2018","2,0600","2,0520","2,0730","2,0520","0,24%"
"15.03.2018","2,0550","2,0370","2,0580","2,0340","0,88%"
"14.03.2018","2,0370","2,0420","2,0680","1,9870","0,25%"
"13.03.2018","2,0320","2,0420","2,0420","1,9870","0,15%"
"12.03.2018","2,0290","2,0420","2,0420","2,0270","-0,66%"
"11.03.2018","2,0424","2,0268","2,0424","2,0268","0,51%"
"09.03.2018","2,0320","2,0420","2,0630","2,0270","-0,39%"
"08.03.2018","2,0400","2,0430","2,0660","2,0400","-0,24%"
"07.03.2018","2,0450","2,0530","2,0740","2,0430","-0,39%"
"06.03.2018","2,0530","2,0480","2,0720","2,0480","0,00%"
"05.03.2018","2,0530","2,0480","2,0640","2,0430","0,23%"
"04.03.2018","2,0483","2,0509","2,0509","2,0483","0,01%"
"02.03.2018","2,0480","2,0270","2,0590","2,0270","0,34%"
"01.03.2018","2,0410","2,0690","2,0820","2,0380","-1,40%"
"28.02.2018","2,0700","2,0750","2,0850","2,0640","2,22%"
"27.02.2018","2,0250","2,0100","2,0360","2,0100","0,50%"
"26.02.2018","2,0150","2,0100","2,0360","2,0050","0,25%"
"25.02.2018","2,0100","2,0100","2,0100","2,0100","0,25%"
"23.02.2018","2,0050","2,0150","2,0410","2,0000","-0,25%"
"22.02.2018","2,0100","2,0050","2,0310","2,0050","0,10%"
"21.02.2018","2,0080","2,0030","2,0310","1,9970","0,40%"
"20.02.2018","2,0000","1,9840","2,0050","1,9790","1,05%"
"19.02.2018","1,9792","1,9844","1,9844","1,9792","0,00%"
"18.02.2018","1,9792","1,9792","1,9792","1,9792","0,01%"
"16.02.2018","1,9790","1,9740","2,0050","1,9740","-0,30%"
"15.02.2018","1,9850","1,9590","2,0000","1,9590","0,81%"
"14.02.2018","1,9690","1,9330","1,9740","1,9330","1,60%"
"13.02.2018","1,9380","1,9280","1,9410","1,9220","0,68%"
"12.02.2018","1,9250","1,8810","1,9350","1,8810","1,93%"
"11.02.2018","1,8886","1,8886","1,8886","1,8886","0,40%"
"09.02.2018","1,8810","1,8940","1,9200","1,8650","-0,95%"
"08.02.2018","1,8990","1,8940","1,9100","1,8860","0,26%"
"07.02.2018","1,8940","1,8500","1,9020","1,8500","1,94%"
"06.02.2018","1,8580","1,8600","1,8650","1,8260","0,00%"
"05.02.2018","1,8580","1,8710","1,8760","1,8390","-0,83%"
"04.02.2018","1,8735","1,8761","1,8761","1,8735","-0,40%"
"02.02.2018","1,8810","1,9000","1,9180","1,8730","-0,74%"
"01.02.2018","1,8950","1,8970","1,9050","1,8870","-0,11%"
"31.01.2018","1,8970","1,8820","1,9000","1,8790","6,51%"
"30.01.2018","1,7810","1,7910","1,8090","1,7680","0,00%"
"29.01.2018","1,7810","1,7760","1,8040","1,7700","-0,15%"
"28.01.2018","1,7836","1,7862","1,7862","1,7836","-0,13%"
"26.01.2018","1,7860","1,7680","1,8020","1,7650","0,56%"
"25.01.2018","1,7760","1,7660","1,7970","1,7580","0,28%"
"24.01.2018","1,7710","1,7550","1,7810","1,7550","0,57%"
"23.01.2018","1,7610","1,7660","1,7920","1,7600","-1,12%"
"22.01.2018","1,7810","1,7710","1,7940","1,7710","0,27%"
"21.01.2018","1,7762","1,7788","1,7788","1,7762","0,01%"
"19.01.2018","1,7760","1,7760","1,8020","1,7660","0,28%"
"18.01.2018","1,7710","1,7760","1,8080","1,7690","-0,28%"
"17.01.2018","1,7760","1,7820","1,8080","1,7710","-0,34%"
"16.01.2018","1,7820","1,7820","1,8080","1,7820","0,01%"
"15.01.2018","1,7818","1,7818","1,7818","1,7818","-0,01%"
"12.01.2018","1,7820","1,7770","1,8000","1,7740","0,56%"
"11.01.2018","1,7720","1,7770","1,7820","1,7690","-0,45%"
"10.01.2018","1,7800","1,7800","1,8030","1,7740","-0,28%"
"09.01.2018","1,7850","1,7980","1,8210","1,7770","-0,11%"
"08.01.2018","1,7870","1,8030","1,8420","1,7880","-0,75%"
"07.01.2018","1,8005","1,8005","1,8005","1,8005","-0,14%"
"05.01.2018","1,8030","1,8080","1,8370","1,7980","-0,17%"
"04.01.2018","1,8060","1,8090","1,8370","1,8030","-0,44%"
"03.01.2018","1,8140","1,8240","1,8270","1,8060","1,00%"
"02.01.2018","1,7960","1,7340","1,7990","1,7320","3,25%"
"01.01.2018","1,7394","1,7394","1,7394","1,7394","0,14%"