,0,1,2,3,4,5,6,7
A,0.5130165815353394,0.012506918981671333,0.004528520163148642,0.33736661076545715,0.03142731636762619,0.003014845075085759,0.32117214798927307,0.01061432994902134
AAL,0.34532859921455383,0.026038900017738342,0.1290149837732315,0.2192518264055252,0.3605039119720459,0.04759407043457031,0.1688125878572464,0.3887008726596832
AAP,0.44059816002845764,0.008622558787465096,0.0021173146087676287,0.28823596239089966,0.06210443004965782,0.015431774780154228,0.2660348117351532,0.08436781167984009
AAPL,0.4586922824382782,0.026165200397372246,0.01774011366069317,0.32069578766822815,0.060508470982313156,0.027030905708670616,0.2502386271953583,0.04750492423772812
ABBV,0.4950350224971771,0.02482275478541851,0.006419737357646227,0.3936353325843811,0.017634006217122078,0.0014973218785598874,0.27632731199264526,0.027173634618520737
ABC,0.4534955322742462,0.01922149397432804,0.012788794003427029,0.3415334224700928,0.03905849903821945,0.0032608327455818653,0.2777342200279236,0.06496284157037735
ABMD,0.3603055477142334,0.007907320745289326,0.061441268771886826,0.1893165111541748,0.15164147317409515,0.04410392418503761,0.18008100986480713,0.15806563198566437
ABT,0.5300275087356567,0.0003857405099552125,0.02185099385678768,0.2983960509300232,0.04069911688566208,0.0026683311443775892,0.32836732268333435,0.04156767576932907
ACN,0.47457176446914673,0.02427157387137413,0.01763998717069626,0.36347314715385437,0.06271147727966309,0.01794278435409069,0.3014571964740753,0.02921946533024311
ADI,0.4600212872028351,0.027674376964569092,0.020392930135130882,0.262300580739975,0.09415994584560394,0.0037050533574074507,0.2564729154109955,0.05033251643180847
ADM,0.49441781640052795,0.021668285131454468,0.030473222956061363,0.3629152178764343,0.04909825325012207,0.018191179260611534,0.28246766328811646,0.05546201393008232
ADP,0.4795359671115875,0.028798649087548256,0.015921320766210556,0.33623695373535156,0.045345790684223175,0.02607259340584278,0.28293803334236145,0.015943750739097595
ADSK,0.4029865264892578,0.053261883556842804,0.011778932996094227,0.27199533581733704,0.1201569065451622,0.040799014270305634,0.21201765537261963,0.055290766060352325
AEE,0.510724663734436,0.008986684493720531,0.020019305869936943,0.363343745470047,0.022593868896365166,0.0,0.3306286036968231,0.03632275387644768
AEP,0.5042206048965454,0.0,0.02586446888744831,0.3832837641239166,0.0414411723613739,0.00033996146521531045,0.3499719202518463,0.00672053312882781
AES,0.4935368597507477,0.003996696323156357,0.025863876566290855,0.30514904856681824,0.07890404015779495,0.014884418807923794,0.2873154580593109,0.042978379875421524
AFL,0.49814191460609436,0.02420034445822239,0.03610054776072502,0.3309593200683594,0.08225234597921371,0.01632104068994522,0.2965044379234314,0.07738973200321198
AIG,0.4482859969139099,0.05338813737034798,0.07459432631731033,0.34695354104042053,0.10888253152370453,0.03083428367972374,0.22394490242004395,0.08869891613721848
AIZ,0.4777427315711975,0.0031061081681400537,0.0063059222884476185,0.3346306383609772,0.05465330556035042,0.0,0.30158454179763794,0.04868666082620621
AJG,0.5324093103408813,0.004812020808458328,0.0,0.3334824740886688,0.035348378121852875,0.0,0.3145853579044342,0.0077615827322006226
AKAM,0.4728383421897888,0.018704567104578018,0.007580406963825226,0.32501059770584106,0.05078292265534401,0.009541474282741547,0.31851130723953247,0.06512439996004105
ALB,0.36979225277900696,0.025883018970489502,0.04983494430780411,0.25066712498664856,0.17362572252750397,0.07976238429546356,0.14137601852416992,0.1150636076927185
ALGN,0.3396957516670227,0.00821750145405531,0.021605411544442177,0.17587067186832428,0.19958366453647614,0.06018000841140747,0.1851242333650589,0.17769268155097961
ALK,0.4461348056793213,0.009985885582864285,0.047617800533771515,0.2573746144771576,0.17318561673164368,0.054808855056762695,0.237514927983284,0.1464940756559372
ALL,0.4721715450286865,0.03753143548965454,0.009814480319619179,0.3767281174659729,0.036511462181806564,0.006820846349000931,0.2764495313167572,0.01569712534546852
ALLE,0.48470115661621094,0.01468175370246172,0.03418607637286186,0.2741088569164276,0.12540864944458008,0.017355183139443398,0.264577716588974,0.05628758668899536
AMAT,0.40918752551078796,0.012999425642192364,0.022394414991140366,0.17271383106708527,0.09820867329835892,0.019837846979498863,0.14570732414722443,0.12101619690656662
AMCR,0.5229029059410095,0.006190557032823563,0.02186906896531582,0.3315732181072235,0.05017676204442978,0.015558318234980106,0.3085903525352478,0.038650382310152054
AMD,0.32091107964515686,0.011218865402042866,0.022103581577539444,0.1454659253358841,0.191789910197258,0.10532033443450928,0.08803046494722366,0.17328821122646332
AME,0.5194720029830933,0.033734049648046494,0.03213382512331009,0.3373086452484131,0.05463752523064613,0.02333185076713562,0.3169887065887451,0.06134399399161339
AMGN,0.5278932452201843,0.025429686531424522,0.008270899765193462,0.3544720709323883,0.045931339263916016,0.013492717407643795,0.2972564399242401,0.03411983698606491
AMP,0.47416600584983826,0.04255067929625511,0.06438171118497849,0.31856590509414673,0.10523368418216705,0.047434210777282715,0.22853370010852814,0.08840089291334152
AMT,0.4544547498226166,0.005923550110310316,0.019065383821725845,0.32476121187210083,0.09125959873199463,0.020741811022162437,0.3223312795162201,0.022218355908989906
AMZN,0.4219040274620056,0.010507854633033276,0.004726832266896963,0.2827957272529602,0.10550720989704132,0.009852792136371136,0.22394990921020508,0.050695717334747314
ANET,0.38852551579475403,0.02790355682373047,0.038338739424943924,0.24174726009368896,0.15886615216732025,0.04715747386217117,0.2234617918729782,0.16409611701965332
ANSS,0.46111297607421875,0.014489950612187386,0.02277154102921486,0.28757432103157043,0.12089148908853531,0.0062822881154716015,0.2867574095726013,0.056068304926157
ANTM,0.4707682728767395,0.007605844177305698,0.04326722398400307,0.3319469094276428,0.11812668293714523,0.025763366371393204,0.2795726954936981,0.0931670218706131
AON,0.5027239322662354,0.02573634497821331,0.0053794062696397305,0.338897705078125,0.044489406049251556,0.008819685317575932,0.29734545946121216,0.0050665331073105335
AOS,0.4626350998878479,0.00711914012208581,0.004943730775266886,0.30334019660949707,0.044597823172807693,0.014420214109122753,0.27425417304039,0.04595312103629112
APA,0.2815623879432678,0.09822405874729156,0.08773820102214813,0.21746011078357697,0.288047730922699,0.07843837887048721,0.15099993348121643,0.28724172711372375
APD,0.49911069869995117,0.007219510618597269,0.020540663972496986,0.29611942172050476,0.06402833014726639,0.0004385331994853914,0.33541256189346313,0.03033086471259594
APH,0.5044955015182495,0.0036086086183786392,0.011883175000548363,0.29337066411972046,0.058696627616882324,0.014354215003550053,0.2785467803478241,0.04031841829419136
APTV,0.44411855936050415,0.0,0.007404566742479801,0.22319817543029785,0.1590556800365448,0.018349137157201767,0.25061482191085815,0.0608350895345211
ARE,0.49560216069221497,0.0017758711474016309,0.007272751070559025,0.3538258671760559,0.04555964469909668,0.008113090880215168,0.3021494746208191,0.03881526365876198
ATO,0.5273465514183044,0.003669873345643282,0.013920157216489315,0.39255857467651367,0.03556061536073685,0.007134049199521542,0.3196530044078827,0.029832947999238968
ATVI,0.42594191431999207,0.006444774102419615,0.011711728759109974,0.2831401228904724,0.049918029457330704,0.01301970612257719,0.2138165384531021,0.06937968730926514
AVB,0.5352128744125366,0.0038353130221366882,0.003672391176223755,0.32768917083740234,0.044974081218242645,0.015939483419060707,0.27588561177253723,0.03540454059839249
AVGO,0.45494407415390015,0.011605145409703255,0.011749540455639362,0.2557065784931183,0.060097623616456985,0.03164344280958176,0.19755040109157562,0.06941111385822296
AVY,0.4936433434486389,0.0041537112556397915,0.04840557649731636,0.2681867182254791,0.11494710296392441,0.0071504139341413975,0.2692441940307617,0.10311991721391678
AWK,0.5141479969024658,0.0,0.01176325511187315,0.33226677775382996,0.051563479006290436,0.002713857451453805,0.33195018768310547,0.02179250679910183
AXP,0.46273550391197205,0.021775806322693825,0.0386541411280632,0.3130548596382141,0.10074729472398758,0.04033007472753525,0.27848684787750244,0.06734995543956757
AZO,0.4814172089099884,0.009651733562350273,0.008308780379593372,0.31578463315963745,0.04170505329966545,0.008744086138904095,0.2511635422706604,0.06331641227006912
BA,0.419235497713089,0.0,0.0475643090903759,0.18765416741371155,0.23809918761253357,0.034593015909194946,0.24781310558319092,0.0863121822476387
BAC,0.44706466794013977,0.040162086486816406,0.046213824301958084,0.33036890625953674,0.07585878670215607,0.04047035425901413,0.2467547506093979,0.06360127776861191
BAX,0.5133599042892456,0.0005334322922863066,0.014518430456519127,0.3355857729911804,0.03969649225473404,0.0,0.3497602343559265,0.04704323038458824
BBWI,0.31396612524986267,0.08483044058084488,0.08965320140123367,0.25950855016708374,0.23169557750225067,0.13921312987804413,0.11946672946214676,0.24578961730003357
BBY,0.4357767701148987,0.03169165924191475,0.013094482943415642,0.3294431269168854,0.06616123765707016,0.015642421320080757,0.2512194812297821,0.09591332823038101
BDX,0.5170608758926392,0.011778919026255608,0.0008727354579605162,0.3400813937187195,0.030889000743627548,0.0030498947016894817,0.33111658692359924,0.026388714089989662
BEN,0.4181256890296936,0.012082542292773724,0.02053176425397396,0.24872270226478577,0.13308700919151306,0.02509000524878502,0.22088302671909332,0.05844913050532341
BIIB,0.4664911925792694,0.013895041309297085,0.011285302229225636,0.2952914237976074,0.0509108230471611,0.004021212458610535,0.2380162477493286,0.06908129155635834
BIO,0.43648868799209595,0.029766615480184555,0.006118730641901493,0.31508970260620117,0.03865191340446472,0.025116514414548874,0.21702589094638824,0.03372552618384361
BK,0.45839598774909973,0.031418655067682266,0.01872333511710167,0.3403894305229187,0.06173432990908623,0.027580320835113525,0.2624090611934662,0.06297677010297775
BKNG,0.4782715141773224,0.02627655491232872,0.014373371377587318,0.30020570755004883,0.10684210807085037,0.022208798676729202,0.27723047137260437,0.045051176100969315
BKR,0.446582168340683,0.007143460679799318,0.0075484225526452065,0.23103849589824677,0.10358615219593048,0.029212873429059982,0.20678329467773438,0.07801831513643265
BLK,0.48848357796669006,0.015911279246211052,0.047143418341875076,0.31504902243614197,0.09488940238952637,0.012679900042712688,0.2778092324733734,0.07990149408578873
BLL,0.5238264203071594,0.007206658832728863,0.004208757542073727,0.3015930950641632,0.041772160679101944,0.0,0.3235119879245758,0.03847453370690346
BMY,0.5234030485153198,0.0020701251924037933,0.0027021083515137434,0.32937881350517273,0.03518756106495857,0.0,0.35581833124160767,0.009853300638496876
BR,0.47600096464157104,0.0017055475618690252,0.003674739273265004,0.32368800044059753,0.06485315412282944,0.001584090874530375,0.3270006775856018,0.03507238253951073
BRO,0.4983290135860443,0.004844837822020054,0.006613979581743479,0.3420288562774658,0.04588032886385918,0.0025595948100090027,0.3189874291419983,0.0044828238897025585
BSX,0.4987744390964508,0.01616082154214382,0.013974207453429699,0.2679387032985687,0.0620575025677681,0.01187148503959179,0.31627827882766724,0.0821235254406929
BWA,0.4351223111152649,0.03998274356126785,0.005736547987908125,0.2904675304889679,0.09464863687753677,0.040756043046712875,0.24813057482242584,0.06197909638285637
BXP,0.46765652298927307,0.001718031824566424,0.0018868392799049616,0.2877524793148041,0.08913109451532364,0.05764675885438919,0.27127185463905334,0.053694237023591995
C,0.43733111023902893,0.046541087329387665,0.05743096396327019,0.3341503143310547,0.11754615604877472,0.052017468959093094,0.24961210787296295,0.045967333018779755
CAG,0.47181886434555054,0.011356429196894169,0.01909075491130352,0.29172730445861816,0.06341998279094696,0.0039033261127769947,0.305840402841568,0.05759807303547859
CAH,0.4370308816432953,0.04036634415388107,0.006924525834619999,0.28473323583602905,0.07622696459293365,0.0316246822476387,0.24440224468708038,0.0713290125131607
CAT,0.47087791562080383,0.04208501800894737,0.05304282158613205,0.32782086730003357,0.07499901205301285,0.04841836541891098,0.25209543108940125,0.09797438234090805
CB,0.49364954233169556,0.012761722318828106,0.018848851323127747,0.3270423710346222,0.06617449969053268,0.012148844078183174,0.2684367597103119,0.06515087932348251
CBOE,0.47646060585975647,0.016060534864664078,0.0035164409782737494,0.33585789799690247,0.04120577126741409,0.005211278330534697,0.30892911553382874,0.01672661304473877
CBRE,0.4922255873680115,0.016675075516104698,0.06260308623313904,0.3022419512271881,0.1447874754667282,0.0308965016156435,0.27962180972099304,0.10770591348409653
CCI,0.47247257828712463,0.022205734625458717,0.01606275700032711,0.3360491693019867,0.05057018622756004,0.0125184440985322,0.27956417202949524,0.0004027629620395601
CDAY,0.362089067697525,0.024798845872282982,0.011558758094906807,0.22637011110782623,0.2291230857372284,0.020945589989423752,0.2164536416530609,0.0988713875412941
CDNS,0.45213350653648376,0.023168012499809265,0.004978511948138475,0.28158265352249146,0.07043664157390594,0.026464836671948433,0.25566864013671875,0.03248930349946022
CDW,0.46747204661369324,0.032545432448387146,0.0215303897857666,0.3178838789463043,0.07274752110242844,0.032926518470048904,0.2862705588340759,0.05530737712979317
CE,0.5042835474014282,0.012219659984111786,0.022666731849312782,0.2880912125110626,0.08041341602802277,0.022344499826431274,0.2721562087535858,0.07268799096345901
CERN,0.5084560513496399,0.016249611973762512,0.013655014336109161,0.3273222744464874,0.04060354456305504,0.0012512973044067621,0.2988065779209137,0.0371495746076107
CF,0.42535582184791565,0.07362515479326248,0.039394062012434006,0.31071019172668457,0.10150536149740219,0.0699894055724144,0.2231021225452423,0.08367419242858887
CFG,0.4557625651359558,0.03923849016427994,0.017791593447327614,0.2975655198097229,0.12146054953336716,0.055099863559007645,0.2422572523355484,0.08515744656324387
CHD,0.49892717599868774,0.009518842212855816,0.0,0.39552542567253113,0.021026885136961937,0.00034626093111000955,0.3149869441986084,0.022378360852599144
CHRW,0.5145745277404785,0.013671189546585083,0.0,0.36715754866600037,0.008917617611587048,0.0027304370887577534,0.28865379095077515,0.01180002186447382
CHTR,0.4733690917491913,0.02981364168226719,0.013228751718997955,0.36010369658470154,0.026059238240122795,0.004087378270924091,0.2905367910861969,0.05477910488843918
CI,0.4343056082725525,0.0014920580433681607,0.04024498909711838,0.27145710587501526,0.08741029351949692,0.018538067117333412,0.24707350134849548,0.12082184851169586
CINF,0.5039963126182556,0.027074169367551804,0.031656283885240555,0.3516677916049957,0.052559468895196915,0.022381167858839035,0.2668844759464264,0.07309449464082718
CL,0.5205586552619934,0.006918855011463165,0.0,0.3599521517753601,0.015222820453345776,7.391401595668867e-05,0.3182357847690582,0.020671019330620766
CLX,0.4687071144580841,0.018145915120840073,0.0027585700154304504,0.34034284949302673,0.023947563022375107,0.005677554290741682,0.27250078320503235,0.028193356469273567
CMA,0.41031911969184875,0.018352525308728218,0.04024698585271835,0.2729346752166748,0.14918044209480286,0.06821922957897186,0.24376699328422546,0.0894162505865097
CMCSA,0.48331114649772644,0.028804128989577293,0.011583417654037476,0.3680143356323242,0.026509681716561317,0.004014093894511461,0.28411537408828735,0.03959906846284866
CME,0.4961845874786377,0.002779752481728792,0.0,0.33276087045669556,0.04904572293162346,0.012339984998106956,0.3470912277698517,0.02740665338933468
CMG,0.4377289414405823,0.006571649108082056,0.013318071141839027,0.2934223711490631,0.11853612214326859,0.01452086865901947,0.24331334233283997,0.09631232172250748
CMI,0.5051997900009155,8.837399946060032e-05,0.012631051242351532,0.30075645446777344,0.06328288465738297,0.00737033411860466,0.2708125710487366,0.05878710374236107
CMS,0.5217801332473755,0.0029810501728206873,0.015470101498067379,0.3822087347507477,0.026648852974176407,0.0,0.33966296911239624,0.024009419605135918
CNC,0.44785186648368835,0.01646907813847065,0.0182663444429636,0.31669262051582336,0.06558261811733246,0.012210202403366566,0.25957491993904114,0.08368543535470963
CNP,0.5157709717750549,0.012103838846087456,0.04663911834359169,0.3552338182926178,0.07243596017360687,0.0,0.33885565400123596,0.061895038932561874
COF,0.3877604007720947,0.03112378902733326,0.039983537048101425,0.29388776421546936,0.11996924877166748,0.0443919338285923,0.19317825138568878,0.07139182835817337
COO,0.4792639911174774,0.009597874246537685,0.004847402218729258,0.3019615709781647,0.03139118850231171,0.0,0.3079211413860321,0.05358082801103592
COP,0.46153756976127625,0.047553014010190964,0.02070355787873268,0.2469252049922943,0.10847632586956024,0.055356867611408234,0.24285951256752014,0.07183878123760223
COST,0.4703693389892578,0.01555714476853609,0.003993752878159285,0.38924187421798706,0.01886719837784767,0.0051009333692491055,0.32146137952804565,0.03693158179521561
CPB,0.49747467041015625,0.015563113614916801,0.0,0.34651651978492737,0.03685002774000168,0.0,0.3349663317203522,0.03609314560890198
CPRT,0.4833429157733917,0.03359510377049446,0.037181586027145386,0.35495948791503906,0.08965583890676498,0.005541485268622637,0.29687026143074036,0.07207653671503067
CRL,0.44762036204338074,0.018952859565615654,0.0088625093922019,0.23361000418663025,0.09646245092153549,0.0170071329921484,0.25035399198532104,0.053426146507263184
CRM,0.4449616074562073,0.015798909589648247,0.02213623747229576,0.24920623004436493,0.10657815635204315,0.011866532266139984,0.2547317445278168,0.09396358579397202
CSCO,0.4857355058193207,0.015049957670271397,0.01837499998509884,0.2798660695552826,0.07525483518838882,0.030787553638219833,0.2671728730201721,0.055962465703487396
CSX,0.5039334893226624,0.03577584773302078,0.03572976589202881,0.3012828528881073,0.05345625430345535,0.014684497378766537,0.2926821708679199,0.06002262234687805
CTAS,0.5080754160881042,0.0,0.0011055862996727228,0.2846144139766693,0.07763372361660004,0.008744086138904095,0.31397491693496704,0.037626516073942184
CTLT,0.4549398720264435,0.021328624337911606,0.0017828164855018258,0.24031172692775726,0.10898642241954803,0.016799863427877426,0.24269600212574005,0.07471223175525665
CTRA,0.4213999807834625,0.008767143823206425,0.0,0.23582018911838531,0.13989390432834625,0.023579811677336693,0.27101314067840576,0.05055984482169151
CTSH,0.4892963469028473,0.012159652076661587,0.02351723425090313,0.287539541721344,0.08041298389434814,0.013474037870764732,0.30052903294563293,0.062252696603536606
CTXS,0.43723583221435547,0.01174673717468977,0.0045510148629546165,0.2887633144855499,0.0931943729519844,0.01470912154763937,0.29065918922424316,0.03141171485185623
CVS,0.4661939740180969,0.018966658040881157,0.02189207449555397,0.3460599482059479,0.054221261292696,0.017097951844334602,0.2449149340391159,0.05398334935307503
CVX,0.5033667087554932,0.04399552941322327,0.0058778258971869946,0.3111085295677185,0.0787302702665329,0.030232330784201622,0.2789763808250427,0.03589794784784317
CZR,0.38039496541023254,0.09410247951745987,0.003488050075247884,0.25182467699050903,0.13251285254955292,0.06455032527446747,0.18823274970054626,0.1436918079853058
D,0.5050525069236755,0.0028151648584753275,0.005482824984937906,0.361936092376709,0.03354247286915779,0.0,0.32246607542037964,0.04561516270041466
DAL,0.4507707953453064,0.007893468253314495,0.07702773064374924,0.2489316165447235,0.24379964172840118,0.04544839635491371,0.24055755138397217,0.11938522756099701
DD,0.501124382019043,0.013696148060262203,0.005308997351676226,0.2756102979183197,0.07212628424167633,0.010702742263674736,0.27076271176338196,0.06529296934604645
DE,0.504607081413269,0.02533494122326374,0.030008766800165176,0.24857565760612488,0.05882185325026512,0.024056199938058853,0.26741084456443787,0.08595985919237137
DFS,0.3857998251914978,0.01766914129257202,0.021826347336173058,0.2862370014190674,0.12095220386981964,0.06635347753763199,0.20484726130962372,0.08602162450551987
DG,0.48415881395339966,0.001985523384064436,0.0013385574566200376,0.3745252192020416,0.03324269875884056,0.0062560453079640865,0.2975967228412628,0.013780917041003704
DGX,0.4758422374725342,0.04433805122971535,0.027953948825597763,0.38384246826171875,0.03567700460553169,0.015241469256579876,0.2938542366027832,0.015697743743658066
DHI,0.4254869818687439,0.005728603806346655,0.005126078147441149,0.259423166513443,0.06213058903813362,0.05091867223381996,0.20094886422157288,0.07366079092025757
DHR,0.4732132852077484,0.006335978861898184,0.008283707313239574,0.3582686483860016,0.027485301718115807,0.007214604411274195,0.2859209477901459,0.05686977878212929
DIS,0.45766544342041016,0.041446082293987274,0.04966554045677185,0.306601345539093,0.1163163110613823,0.015819689258933067,0.2753342092037201,0.08294347673654556
DISCA,0.35765427350997925,0.039484940469264984,0.027549995109438896,0.2891477048397064,0.1617053598165512,0.023260490968823433,0.15528281033039093,0.18186242878437042
DISCK,0.3626425564289093,0.03420308604836464,0.025220423936843872,0.2899916172027588,0.15581059455871582,0.02442970499396324,0.1542273610830307,0.18030516803264618
DISH,0.3721354305744171,0.04826241359114647,0.07245119661092758,0.2951602637767792,0.15278087556362152,0.021387437358498573,0.20602762699127197,0.1222849041223526
DLR,0.4632517695426941,0.004024565685540438,0.006186335347592831,0.3154108226299286,0.08357816189527512,0.0012839101254940033,0.3014644682407379,0.04872046783566475
DLTR,0.40971681475639343,0.019312266260385513,0.010709894821047783,0.29895275831222534,0.07169580459594727,0.0147266099229455,0.21021369099617004,0.08239389955997467
DOV,0.5208786129951477,0.0008328777621500194,0.0058138626627624035,0.2871801257133484,0.04758971557021141,0.003790023038163781,0.3072897791862488,0.04051387310028076
DPZ,0.48429131507873535,0.005028667859733105,0.0005266793887130916,0.2684681713581085,0.07736660540103912,0.014955359511077404,0.2978356182575226,0.046342868357896805
DRE,0.5195237398147583,0.004621776286512613,0.023852284997701645,0.3570641577243805,0.04963242635130882,0.0029090584721416235,0.31603696942329407,0.05139768496155739
DRI,0.4655276834964752,0.005997775588184595,0.005335359834134579,0.2760426104068756,0.0881158709526062,0.012234109453856945,0.23294897377490997,0.1518947035074234
DTE,0.511925220489502,0.015964556485414505,0.025637442246079445,0.37723639607429504,0.03012450598180294,0.000548414362128824,0.3370486795902252,0.03808223456144333
DUK,0.5209187269210815,0.007894519716501236,0.031209396198391914,0.37426456809043884,0.04946064576506615,0.0006938438164070249,0.3329712450504303,0.0475754551589489
DVA,0.47488933801651,0.022871943190693855,0.01592068560421467,0.28834301233291626,0.08008889108896255,0.04691237956285477,0.24242375791072845,0.07006906718015671
DVN,0.34090656042099,0.026261959224939346,0.011665976606309414,0.21105651557445526,0.1848667711019516,0.0450471006333828,0.20239794254302979,0.2242857962846756
DXC,0.368694543838501,0.029032256454229355,0.1065630242228508,0.21995937824249268,0.22711847722530365,0.03502466157078743,0.1948976367712021,0.21897605061531067
DXCM,0.34294775128364563,0.009380035102367401,0.021335696801543236,0.2054203897714615,0.13620659708976746,0.054964907467365265,0.20899544656276703,0.13006122410297394
EA,0.4670504927635193,0.008206920698285103,0.0,0.30599623918533325,0.07890578359365463,0.00028315026429481804,0.2852754592895508,0.029046563431620598
EBAY,0.4581715166568756,0.0071661025285720825,0.011592925526201725,0.25714096426963806,0.03331957012414932,0.0029308770317584276,0.2533539831638336,0.05823618173599243
ECL,0.4924696087837219,0.011328705586493015,0.04790573939681053,0.2857341170310974,0.12068060785531998,0.013058080337941647,0.329629510641098,0.08212641626596451
ED,0.5365779399871826,0.0022733418736606836,0.0,0.3650354743003845,0.014251098968088627,0.00135163648519665,0.34485799074172974,0.032016538083553314
EFX,0.4702175259590149,0.00656253332272172,0.008975761942565441,0.29630565643310547,0.0776209607720375,0.013525845482945442,0.28470125794410706,0.060634393244981766
EIX,0.46494626998901367,0.014420045539736748,0.02495730109512806,0.31337836384773254,0.07587097585201263,0.011121359653770924,0.295915812253952,0.06671107560396194
EL,0.48805928230285645,0.016547610983252525,0.02042326331138611,0.2723623812198639,0.08806537836790085,0.017298346385359764,0.2980772852897644,0.05304611474275589
EMN,0.4839029908180237,0.03045823983848095,0.02417908050119877,0.26950618624687195,0.09060343354940414,0.023538295179605484,0.26504382491111755,0.08625971525907516
EMR,0.4800856113433838,0.014693303033709526,0.006881591398268938,0.3024236559867859,0.06999994069337845,0.021868888288736343,0.28097420930862427,0.04329320415854454
ENPH,0.2079954296350479,0.01752583310008049,0.028478896245360374,0.06605608761310577,0.3955223858356476,0.24661561846733093,0.04712284728884697,0.2733900249004364
EOG,0.38690969347953796,0.03830529376864433,0.01636277511715889,0.21551918983459473,0.17642103135585785,0.03916815295815468,0.16499005258083344,0.16020847856998444
EPAM,0.4336746633052826,0.026890354230999947,0.01735820434987545,0.2884790003299713,0.08416201174259186,0.024934900924563408,0.22081200778484344,0.0675029382109642
EQIX,0.4540433883666992,0.021879443898797035,0.023314595222473145,0.3606265187263489,0.06858785450458527,0.01038987748324871,0.30924320220947266,0.043522123247385025
EQR,0.5290568470954895,0.004524871241301298,0.006258522626012564,0.3554551601409912,0.03766573593020439,0.03084191307425499,0.2583020031452179,0.037935372442007065
ES,0.5138838887214661,0.01342859398573637,0.01713559962809086,0.37549152970314026,0.03144407644867897,0.002054039854556322,0.33146932721138,0.03333646431565285
ESS,0.5236853361129761,0.004545878618955612,0.004369701724499464,0.3371778428554535,0.05695955082774162,0.013571676798164845,0.26995640993118286,0.037647128105163574
ETN,0.49554890394210815,0.01111305970698595,0.042025189846754074,0.2582031190395355,0.09070058912038803,0.022287050262093544,0.2871423661708832,0.09402437508106232
ETR,0.5122630000114441,0.0024513802491128445,0.018083959817886353,0.3378659784793854,0.043668027967214584,0.0061933184042572975,0.3452816605567932,0.04189031943678856
ETSY,0.29277417063713074,0.04091622680425644,0.0328834131360054,0.1968384087085724,0.20008735358715057,0.06999461352825165,0.1369067281484604,0.14968104660511017
EVRG,0.5152391791343689,0.017732298001646996,0.028824279084801674,0.3450160026550293,0.05207125470042229,0.003953187260776758,0.3131369948387146,0.04752551391720772
EW,0.45365601778030396,0.0012686422560364008,0.0,0.26858898997306824,0.09148001670837402,0.012133886106312275,0.25558698177337646,0.03926379606127739
EXC,0.5204440355300903,0.006432050373405218,0.024021759629249573,0.36295285820961,0.041344840079545975,0.0,0.36106178164482117,0.04508582130074501
EXPD,0.5068341493606567,0.004171836655586958,0.0,0.3417212963104248,0.02870219573378563,0.006869337987154722,0.3165389597415924,0.02179296314716339
EXPE,0.4314773678779602,0.02125776745378971,0.03033285029232502,0.27208390831947327,0.21210305392742157,0.03385716676712036,0.24759240448474884,0.10053253918886185
EXR,0.49010446667671204,0.005873259622603655,0.004984083119779825,0.31619876623153687,0.05151698738336563,0.025915345177054405,0.24912609159946442,0.016870668157935143
F,0.3827621340751648,0.022115232422947884,0.04380346089601517,0.2552449405193329,0.20335233211517334,0.07466615736484528,0.2156125158071518,0.14873072504997253
FANG,0.365702360868454,0.016162632033228874,0.010903147049248219,0.194576695561409,0.23001500964164734,0.04644511267542839,0.19170072674751282,0.23238623142242432
FAST,0.48609498143196106,0.011624999344348907,0.00828248355537653,0.312655508518219,0.017473207786679268,0.01666761003434658,0.27226731181144714,0.03457361087203026
FB,0.37958064675331116,0.028150413185358047,0.028979850932955742,0.3111667335033417,0.16339246928691864,0.01072025392204523,0.2494482547044754,0.0742303803563118
FBHS,0.45391300320625305,0.006740942131727934,0.04297995939850807,0.3123581111431122,0.10678809881210327,0.017569396644830704,0.24689283967018127,0.08147214353084564
FCX,0.37744957208633423,0.03519735112786293,0.012307794764637947,0.18096576631069183,0.14050480723381042,0.06625242531299591,0.1967499554157257,0.11979786306619644
FDS,0.48501914739608765,0.012648682110011578,0.009841293096542358,0.31703370809555054,0.0615745410323143,0.029527634382247925,0.32455673813819885,0.033501897007226944
FDX,0.45836418867111206,0.021990418434143066,0.03731341287493706,0.31965479254722595,0.09044045954942703,0.017031017690896988,0.2426091581583023,0.10908202081918716
FE,0.48847103118896484,0.018313173204660416,0.030759861692786217,0.33624720573425293,0.04940715804696083,0.0,0.33330038189888,0.07642332464456558
FFIV,0.4339333176612854,0.011218576692044735,0.01206735335290432,0.2874293327331543,0.061218876391649246,0.009858272038400173,0.2238137274980545,0.042756639420986176
FIS,0.47450608015060425,0.00704826507717371,0.00997505895793438,0.29473504424095154,0.03476068750023842,0.00838144775480032,0.2745092809200287,0.08366428315639496
FISV,0.4819735884666443,0.0147250322625041,0.023681504651904106,0.28379538655281067,0.07876980304718018,0.013397534377872944,0.29070064425468445,0.07163455337285995
FITB,0.43965986371040344,0.021893160417675972,0.020722532644867897,0.2811066210269928,0.11895202845335007,0.048812203109264374,0.2666120231151581,0.06848585605621338
FLT,0.44978079199790955,0.0013279279228299856,0.014068824239075184,0.23725509643554688,0.13205590844154358,0.02139408513903618,0.28392162919044495,0.0440840981900692
FMC,0.48506850004196167,0.04252766817808151,0.02347477339208126,0.2935369908809662,0.08776339143514633,0.016130296513438225,0.2856135368347168,0.04321252554655075
FRC,0.45955801010131836,0.02975090779364109,0.017216727137565613,0.32375478744506836,0.10808616131544113,0.03206559270620346,0.28271427750587463,0.08470340818166733
FRT,0.49623340368270874,0.014210919849574566,0.004037711303681135,0.30626100301742554,0.10033905506134033,0.06052339822053909,0.2654486298561096,0.03806978836655617
FTNT,0.4153309762477875,0.047252412885427475,0.012453003786504269,0.28703728318214417,0.09607521444559097,0.04440135508775711,0.2368510663509369,0.08047674596309662
FTV,0.5177817940711975,0.01658817194402218,0.00037467159563675523,0.28990882635116577,0.05453227087855339,0.03540491685271263,0.26869645714759827,0.020787546411156654
GD,0.49080273509025574,0.00041850708657875657,0.03509951010346413,0.2876318395137787,0.1010422334074974,0.013091064058244228,0.286894828081131,0.05351826176047325
GE,0.42221468687057495,0.048933956772089005,0.02658996917307377,0.245046004652977,0.14553435146808624,0.06049254164099693,0.1796533167362213,0.07668343931436539
GILD,0.4990072250366211,0.006757579743862152,0.0,0.3651116192340851,0.054602235555648804,0.009943751618266106,0.3395906090736389,0.01812857575714588
GIS,0.5076941847801208,0.0060738311149179935,0.0,0.3644111156463623,0.021421905606985092,0.0,0.35570573806762695,0.010981683619320393
GL,0.5111120343208313,0.024790789932012558,0.0457640215754509,0.33544015884399414,0.07942616939544678,0.02075791172683239,0.2751922011375427,0.06004095450043678
GLW,0.47087791562080383,0.04208501800894737,0.05304282158613205,0.32782086730003357,0.07499901205301285,0.04841836541891098,0.25209543108940125,0.09797438234090805
GM,0.4888593554496765,0.05437992140650749,0.015380495227873325,0.31998077034950256,0.1018371656537056,0.04551008716225624,0.2765572965145111,0.03224958851933479
GNRC,0.41687828302383423,0.01134729664772749,0.016260923817753792,0.23164014518260956,0.10392472892999649,0.07420315593481064,0.1909034103155136,0.02378128282725811
GOOG,0.4634496569633484,0.014325112104415894,0.01701856404542923,0.29224225878715515,0.06752844899892807,0.021750088781118393,0.2727639377117157,0.0594627782702446
GOOGL,0.4737429618835449,0.015111704356968403,0.018064260482788086,0.30226942896842957,0.0651082694530487,0.019271692261099815,0.274971604347229,0.05732865259051323
GPC,0.4910295605659485,0.008757644332945347,0.04578032344579697,0.31509891152381897,0.14600040018558502,0.026227323338389397,0.29384809732437134,0.0845409482717514
GPN,0.460800439119339,0.012756823562085629,0.012782263569533825,0.25726428627967834,0.08983979374170303,0.008495839312672615,0.28146785497665405,0.06754806637763977
GPS,0.3001460134983063,0.027105385437607765,0.09466581046581268,0.2686162292957306,0.2654036581516266,0.08872281014919281,0.14886601269245148,0.18614841997623444
GRMN,0.48566943407058716,0.01714894361793995,0.015679972246289253,0.3201642334461212,0.061796631664037704,0.01258788537234068,0.32145124673843384,0.05937710404396057
GS,0.44357261061668396,0.03493089601397514,0.026367638260126114,0.2958933413028717,0.08867424726486206,0.03954484313726425,0.27941203117370605,0.05360103398561478
GWW,0.5136330723762512,0.0027681293431669474,0.01092109177261591,0.329752117395401,0.018383366987109184,0.0006620096391998231,0.2797691226005554,0.049204327166080475
HAL,0.37904682755470276,0.015869243070483208,0.005058522801846266,0.19380643963813782,0.1279781311750412,0.03646858409047127,0.18608006834983826,0.2616286873817444
HAS,0.4783736765384674,0.012632434256374836,0.0,0.23706626892089844,0.06875143200159073,0.021856525912880898,0.2613806128501892,0.09681355953216553
HCA,0.48525696992874146,0.0338156558573246,0.04101577401161194,0.31249144673347473,0.06142700836062431,0.036697544157505035,0.2548932135105133,0.09294026345014572
HD,0.4836274981498718,0.009231760166585445,0.0008488637977279723,0.38395431637763977,0.027277130633592606,0.0002490681072231382,0.2922496497631073,0.05510229244828224
HES,0.38857629895210266,0.011828774586319923,0.014775573275983334,0.20966243743896484,0.18610511720180511,0.03627533093094826,0.23331794142723083,0.12982900440692902
HIG,0.5186623334884644,0.026032183319330215,0.025122301653027534,0.32834360003471375,0.07338865846395493,0.01467007678002119,0.2906215786933899,0.07239069789648056
HII,0.4626278877258301,0.0,0.038967471569776535,0.2967815399169922,0.10722143203020096,0.01770094409584999,0.27789339423179626,0.07472524791955948
HLT,0.4788181185722351,0.0,0.0009725987911224365,0.25518640875816345,0.11797527968883514,0.02490459568798542,0.2602040767669678,0.04627666622400284
HOLX,0.4561900496482849,0.01977383717894554,0.01725616678595543,0.33394190669059753,0.045212678611278534,0.026295796036720276,0.2574325203895569,0.0632757768034935
HON,0.5226917266845703,7.285975880222395e-05,0.03462507948279381,0.2754729688167572,0.08539985865354538,0.010934785939753056,0.27991169691085815,0.06425134092569351
HPE,0.43291038274765015,0.018259523436427116,0.024127816781401634,0.24703873693943024,0.10966856777667999,0.0485052727162838,0.24528111517429352,0.06795068085193634
HPQ,0.4656698703765869,0.03922603651881218,0.030485646799206734,0.27772489190101624,0.07159268856048584,0.009010321460664272,0.22275152802467346,0.06337608397006989
HRL,0.5322320461273193,0.0025663417764008045,0.0,0.36180123686790466,0.01452308427542448,0.0,0.34837740659713745,0.011559084057807922
HSIC,0.4619012176990509,0.013957432471215725,0.03121245838701725,0.32688209414482117,0.08511041849851608,0.008136650547385216,0.2651430368423462,0.04695425182580948
HST,0.4323197305202484,0.03818400576710701,0.04727032780647278,0.28512439131736755,0.16577531397342682,0.0619395412504673,0.2509004771709442,0.10234417021274567
HSY,0.5308275818824768,0.0005467909504659474,0.0,0.39223718643188477,0.006757881958037615,0.0003402791917324066,0.3255602717399597,0.0017010550945997238
HUM,0.4802720248699188,0.007737429346889257,0.06476466357707977,0.3820907473564148,0.1223030835390091,0.022020285949110985,0.31542280316352844,0.12174474447965622
HWM,0.4363252520561218,0.0061286198906600475,0.08598106354475021,0.19715599715709686,0.2393762171268463,0.05059049651026726,0.21030224859714508,0.16884765028953552
IBM,0.5009178519248962,0.012102069333195686,0.011230504140257835,0.27735111117362976,0.05884017422795296,0.014871838502585888,0.2600865066051483,0.058721862733364105
ICE,0.5106691718101501,0.021271834149956703,0.004868490155786276,0.37778234481811523,0.015523061156272888,0.001684218063019216,0.3291812837123871,0.01374328974634409
IDXX,0.46514996886253357,0.0,0.011000526137650013,0.2725963890552521,0.12387964874505997,0.021730046719312668,0.2692076861858368,0.0399182103574276
IEX,0.5336279273033142,0.0,0.0,0.303192675113678,0.008866844698786736,0.00772486487403512,0.3081304430961609,0.04694237932562828
IFF,0.45926424860954285,0.007598035503178835,0.00784291047602892,0.28839558362960815,0.06449179351329803,0.012761054560542107,0.28921598196029663,0.047777555882930756
ILMN,0.4395948052406311,0.010272614657878876,0.007266509812325239,0.2615688443183899,0.11002562940120697,0.03634801134467125,0.2300889641046524,0.05257675051689148
INCY,0.4211724102497101,0.041843533515930176,0.005789895076304674,0.3132474720478058,0.07768802344799042,0.009229877032339573,0.23015639185905457,0.039931442588567734
INTC,0.46240636706352234,0.015152588486671448,0.010534277185797691,0.3007667362689972,0.04880577698349953,0.013394013047218323,0.25172412395477295,0.07461343705654144
INTU,0.48268747329711914,0.03972335532307625,0.012451407499611378,0.33235177397727966,0.07286201417446136,0.014990771189332008,0.2920761704444885,0.03126193583011627
IP,0.49320167303085327,0.0029762808699160814,0.02741362527012825,0.27150967717170715,0.10767532140016556,0.014034682884812355,0.33817997574806213,0.04840901494026184
IPG,0.45569947361946106,0.05628237500786781,0.03270162269473076,0.3289220333099365,0.06014617905020714,0.03585454449057579,0.22826576232910156,0.043179113417863846
IPGP,0.4113712012767792,0.0025985368993133307,0.014033560641109943,0.1992713361978531,0.1340729296207428,0.02588830515742302,0.1964355707168579,0.13090772926807404
IQV,0.49798253178596497,0.0,0.0037952151615172625,0.27297040820121765,0.09109705686569214,0.0,0.32378533482551575,0.048886436969041824
IR,0.4829252064228058,0.015807192772626877,0.012525037862360477,0.2938852310180664,0.07213329523801804,0.017891304567456245,0.21171975135803223,0.03830907493829727
IRM,0.4371323585510254,0.018635287880897522,0.014410339295864105,0.30480340123176575,0.09456251561641693,0.01654285565018654,0.30901724100112915,0.0674750879406929
ISRG,0.5149727463722229,0.0,0.026144078001379967,0.21227110922336578,0.111005999147892,0.0017056959914043546,0.29089590907096863,0.05910911411046982
IT,0.44481536746025085,0.00027580346795730293,0.015118904411792755,0.28770893812179565,0.07747139781713486,0.01945340447127819,0.2781977951526642,0.08212538063526154
ITW,0.5432937741279602,0.0,0.01978457346558571,0.3231274485588074,0.05202990397810936,0.005234915297478437,0.3278408646583557,0.054136719554662704
IVZ,0.40454766154289246,0.028536012396216393,0.05328616127371788,0.2762922942638397,0.13818417489528656,0.0314912423491478,0.20080651342868805,0.17195138335227966
J,0.4907558262348175,0.023017292842268944,0.03133607655763626,0.28172585368156433,0.07439727336168289,0.02692320942878723,0.2726943790912628,0.06942660361528397
JBHT,0.5224363207817078,0.013981042429804802,0.018455548211932182,0.319411963224411,0.05330779030919075,0.008331974036991596,0.29066070914268494,0.04258846864104271
JCI,0.4959706962108612,0.0011969672050327063,0.022610487416386604,0.2937716543674469,0.08495873212814331,0.003427445888519287,0.2764658033847809,0.05549777299165726
JKHY,0.5129702687263489,0.0059512024745345116,0.015143350698053837,0.33555105328559875,0.05548935756087303,0.005068301223218441,0.31284579634666443,0.05291115492582321
JNJ,0.5384758710861206,0.0,0.014768245629966259,0.3883515000343323,0.02397581934928894,0.0,0.3264385163784027,0.05555462837219238
JNPR,0.5014129877090454,3.453690078458749e-05,0.010422107763588428,0.2907428443431854,0.044179510325193405,0.007133266888558865,0.2801453471183777,0.053022392094135284
JPM,0.47564953565597534,0.04543652385473251,0.029457079246640205,0.36378246545791626,0.041020311415195465,0.03403802588582039,0.28393375873565674,0.023536155000329018
K,0.5118135809898376,0.01629490777850151,0.010807394050061703,0.37131267786026,0.037827733904123306,0.0,0.3184327781200409,0.01365598477423191
KEYS,0.45343849062919617,0.02628784254193306,0.0184186939150095,0.2920529544353485,0.06068193167448044,0.011461900547146797,0.20626768469810486,0.046112172305583954
KHC,0.4578147232532501,0.050988610833883286,0.014025894924998283,0.3820635676383972,0.06438833475112915,0.016324127092957497,0.30769696831703186,0.04513319581747055
KIM,0.5056268572807312,0.0165802501142025,0.01913406141102314,0.30394405126571655,0.11818664520978928,0.07685501128435135,0.27135327458381653,0.061701707541942596
KLAC,0.4131462574005127,0.03302204608917236,0.018945379182696342,0.19355590641498566,0.1056152954697609,0.03816794604063034,0.16383066773414612,0.05758870393037796
KMB,0.5132232308387756,0.024684136733412743,0.011936035938560963,0.4051477015018463,0.003614971414208412,0.0044086044654250145,0.31030911207199097,0.012337803840637207
KMI,0.5096535086631775,0.02912483736872673,0.004425922874361277,0.29003003239631653,0.07520796358585358,0.013919125311076641,0.30718421936035156,0.03486521169543266
KMX,0.43877550959587097,0.008579094894230366,0.011762223206460476,0.2813125252723694,0.09344226866960526,0.02459479495882988,0.24486389756202698,0.08459840714931488
KO,0.37337765097618103,0.06644945591688156,0.059836648404598236,0.24154718220233917,0.16473963856697083,0.0962894931435585,0.17840567231178284,0.09368353337049484
KR,0.4515624940395355,0.007020783144980669,0.0018936321139335632,0.32240262627601624,0.049166351556777954,0.0,0.2925398647785187,0.03878943249583244
L,0.479984313249588,0.04558310657739639,0.05214221030473709,0.3580290377140045,0.08165113627910614,0.03345551714301109,0.2758859694004059,0.08528094738721848
LDOS,0.5235004425048828,0.0009970803512260318,0.017928199842572212,0.2978031039237976,0.0692831501364708,0.0072885132394731045,0.2929205894470215,0.0574987530708313
LH,0.47929930686950684,0.053705036640167236,0.028960034251213074,0.3625504672527313,0.04472291097044945,0.02498524822294712,0.27240896224975586,0.023717733100056648
LHX,0.4783736765384674,0.012632434256374836,0.0,0.23706626892089844,0.06875143200159073,0.021856525912880898,0.2613806128501892,0.09681355953216553
LIN,0.5298700928688049,0.04226698353886604,0.008426339365541935,0.33733418583869934,0.03415136784315109,0.009724575094878674,0.3132490813732147,0.005237143952399492
LKQ,0.4543530344963074,0.00940665602684021,0.05141329765319824,0.2897934019565582,0.16547046601772308,0.022307872772216797,0.23296166956424713,0.1498543918132782
LLY,0.48786330223083496,0.0025236434303224087,0.010641485452651978,0.3216281235218048,0.04629439115524292,0.005013254936784506,0.28487780690193176,0.056395649909973145
LMT,0.5155348181724548,0.0043149664998054504,0.027897099032998085,0.3345393240451813,0.08302992582321167,0.00913287978619337,0.34491589665412903,0.04236629977822304
LNC,0.3803313076496124,0.030060088261961937,0.008256017230451107,0.3111569285392761,0.1240011602640152,0.06161024421453476,0.20766671001911163,0.2650730609893799
LNT,0.5072616338729858,0.0021260094363242388,0.0249834805727005,0.351109117269516,0.02806149795651436,0.0,0.30825647711753845,0.00902459118515253
LOW,0.45836418867111206,0.021990418434143066,0.03731341287493706,0.31965479254722595,0.09044045954942703,0.017031017690896988,0.2426091581583023,0.10908202081918716
LRCX,0.40796273946762085,0.030001822859048843,0.01979932188987732,0.24017296731472015,0.09825450927019119,0.049479831010103226,0.15962590277194977,0.07002149522304535
LUMN,0.337954044342041,0.10613303631544113,0.05249693989753723,0.35840579867362976,0.15780632197856903,0.06872215867042542,0.16863319277763367,0.052582748234272
LUV,0.4875601828098297,0.0003678623179439455,0.029324842616915703,0.2667495310306549,0.13236390054225922,0.027011146768927574,0.31844136118888855,0.05659007653594017
LVS,0.4418674409389496,0.007522538769990206,0.016107873991131783,0.20770904421806335,0.12900157272815704,0.03538611903786659,0.22556546330451965,0.09778022021055222
LW,0.4852828085422516,0.009074321016669273,0.027880249544978142,0.2720847427845001,0.08200050890445709,0.020157307386398315,0.26027753949165344,0.04713619127869606
LYB,0.46068280935287476,0.0418710820376873,0.039037201553583145,0.2855786979198456,0.12698252499103546,0.047939080744981766,0.2524908483028412,0.12013638019561768
LYV,0.4013082683086395,0.023781105875968933,0.01258028857409954,0.22812263667583466,0.15722660720348358,0.05558910220861435,0.19191372394561768,0.1213022917509079
MA,0.47528815269470215,0.03356372192502022,0.03409446403384209,0.2630785405635834,0.10917749255895615,0.01344962976872921,0.2655755877494812,0.08910630643367767
MAA,0.510302722454071,0.00138595059979707,0.0023997107055038214,0.37380704283714294,0.019600186496973038,0.019473910331726074,0.2755576968193054,0.03590098023414612
MAR,0.4691599905490875,0.0025253903586417437,0.024747703224420547,0.23771505057811737,0.16986069083213806,0.03144294396042824,0.257560133934021,0.10556592792272568
MAS,0.4914867579936981,0.002153861802071333,0.027714338153600693,0.322736531496048,0.07104698568582535,0.011181138455867767,0.2647745609283447,0.04960104823112488
MCD,0.49153608083724976,0.00010443931387271732,0.011070129461586475,0.37383002042770386,0.048064399510622025,0.0,0.3294883668422699,0.0383305549621582
MCHP,0.41916990280151367,0.04323667287826538,0.027964571490883827,0.2626059651374817,0.14448662102222443,0.030024435371160507,0.18291255831718445,0.08562867343425751
MCK,0.4684467017650604,0.02161925844848156,0.008396350778639317,0.35788652300834656,0.03651843219995499,0.010786588303744793,0.27689769864082336,0.00630104448646307
MCO,0.4693329334259033,0.005958343390375376,0.0026462089736014605,0.3348064422607422,0.04228275269269943,0.006685621105134487,0.2736647129058838,0.027317548170685768
MDLZ,0.5135279297828674,0.020590323954820633,0.01188623160123825,0.3878014087677002,0.007279131095856428,0.0011182267917320132,0.32581472396850586,0.02639882266521454
MDT,0.5043045282363892,0.01914328895509243,0.01811494119465351,0.3396760821342468,0.05057486146688461,0.006123389583081007,0.337185800075531,0.03970078378915787
MET,0.4859069287776947,0.03381812199950218,0.04354922100901604,0.3435172438621521,0.09147893637418747,0.02377396635711193,0.2812270224094391,0.08068031072616577
MGM,0.378537118434906,0.010232913307845592,0.0,0.18868565559387207,0.18974007666110992,0.03597096726298332,0.24697260558605194,0.13033783435821533
MHK,0.38352158665657043,0.04689359664916992,0.09481201320886612,0.23990002274513245,0.20006488263607025,0.04249325394630432,0.202849343419075,0.15488477051258087
MKC,0.5043118596076965,0.0,0.0021770712919533253,0.336871862411499,0.048276402056217194,0.0,0.31502601504325867,0.02938142977654934
MKTX,0.41697221994400024,0.035077109932899475,0.0039050611667335033,0.2872479557991028,0.10876984149217606,0.0182034969329834,0.24237266182899475,0.04831082746386528
MLM,0.45205941796302795,0.032853905111551285,0.02237359993159771,0.2674050033092499,0.10142340511083603,0.036279190331697464,0.26402440667152405,0.09978032857179642
MMC,0.513214647769928,0.0,0.0,0.35176658630371094,0.031457699835300446,0.0011747953249141574,0.33361998200416565,0.017412351444363594
MMM,0.5050773024559021,0.0024017563555389643,0.027268264442682266,0.2719050943851471,0.07410397380590439,0.011209262534976006,0.3269983232021332,0.05654416233301163
MNST,0.44842857122421265,0.0,0.0013694347580894828,0.3021635413169861,0.0724031999707222,0.010002541355788708,0.3019528090953827,0.03161676600575447
MO,0.535060465335846,0.011654799804091454,0.02316116914153099,0.3279826045036316,0.06545853614807129,0.008460016921162605,0.3025878965854645,0.03725278005003929
MOS,0.39930590987205505,0.04814296215772629,0.03746193274855614,0.29393070936203003,0.1316840946674347,0.06215870380401611,0.196124866604805,0.13175268471240997
MPC,0.4511556923389435,0.017107725143432617,0.007645212113857269,0.19686229526996613,0.1140189990401268,0.03960857540369034,0.21020643413066864,0.09103020280599594
MPWR,0.402681827545166,0.011752866208553314,0.013921080157160759,0.25779077410697937,0.12262336909770966,0.030596192926168442,0.19272184371948242,0.13031114637851715
MRK,0.4990701377391815,0.007807009853422642,0.0014366890536621213,0.3621548116207123,0.018022745847702026,0.0,0.32012566924095154,0.007403476629406214
MRO,0.35944199562072754,0.014238501898944378,0.00969797931611538,0.17094381153583527,0.24292467534542084,0.04086573049426079,0.17284224927425385,0.21751439571380615
MS,0.4494554400444031,0.02146407775580883,0.03169933706521988,0.29157400131225586,0.06727869063615799,0.04936530068516731,0.25739532709121704,0.061123669147491455
MSCI,0.4509170949459076,0.052764568477869034,0.010478243231773376,0.30643507838249207,0.08038027584552765,0.03855350241065025,0.21968793869018555,0.03282766416668892
MSFT,0.504431426525116,0.018628302961587906,0.018919894471764565,0.3521729111671448,0.038795970380306244,0.012355235405266285,0.28877559304237366,0.047314487397670746
MSI,0.470443993806839,0.011097559705376625,0.017897337675094604,0.321273535490036,0.07225257903337479,0.0009690475417301059,0.32328394055366516,0.053750116378068924
MTB,0.42347806692123413,0.016892019659280777,0.040997616946697235,0.28694942593574524,0.12842321395874023,0.053831424564123154,0.25870221853256226,0.08867214620113373
MTCH,0.4147018790245056,0.05661885067820549,0.04769701510667801,0.256539523601532,0.18592531979084015,0.03520423173904419,0.19214089214801788,0.16760511696338654
MTD,0.48340797424316406,0.023472344502806664,0.008710330352187157,0.34300467371940613,0.06891439855098724,0.009604803286492825,0.2834678888320923,0.04686121270060539
MU,0.41392675042152405,0.03804384544491768,0.02985745668411255,0.23087303340435028,0.17158696055412292,0.05804750695824623,0.13719753921031952,0.1476367861032486
NCLH,0.33965417742729187,0.018128862604498863,0.02291570045053959,0.1480974704027176,0.38667216897010803,0.09815292805433273,0.1957518756389618,0.24872730672359467
NDAQ,0.4851677715778351,0.028547432273626328,0.03063848242163658,0.3667459785938263,0.055079612880945206,0.002371062058955431,0.31412744522094727,0.0628095492720604
NEE,0.47932833433151245,0.027757039293646812,0.032536979764699936,0.3737536370754242,0.062425076961517334,0.005893061403185129,0.30876585841178894,0.06010236218571663
NEM,0.47967806458473206,0.0015895116375759244,0.0002736843016464263,0.28727611899375916,0.05117666721343994,0.0007327241473831236,0.31985071301460266,0.02078080177307129
NFLX,0.42974957823753357,0.009843274019658566,0.006580798886716366,0.2955625355243683,0.07169146835803986,0.011813163757324219,0.2534862160682678,0.08172309398651123
NI,0.5207644701004028,0.008974275551736355,0.015314215794205666,0.3673405647277832,0.024317527189850807,0.0006665299879387021,0.35586264729499817,0.04293595999479294
NKE,0.4928767681121826,0.010100595653057098,0.030117610469460487,0.34239867329597473,0.09309887886047363,0.019401419907808304,0.2996145188808441,0.07239629328250885
NLOK,0.45796388387680054,0.015530903823673725,0.024602707475423813,0.2706042528152466,0.06361972540616989,0.05735606700181961,0.27282267808914185,0.0834498405456543
NLSN,0.41199228167533875,0.013754889369010925,0.018486062064766884,0.25742897391319275,0.18139506876468658,0.03131331130862236,0.2597508728504181,0.07609708607196808
NOC,0.500529944896698,0.00553123326972127,0.02553297020494938,0.32123157382011414,0.10043127089738846,0.01084219105541706,0.3198815882205963,0.04030388593673706
NOW,0.3683548867702484,0.025950923562049866,0.020181497558951378,0.2024606317281723,0.10005048662424088,0.02826612815260887,0.1753896176815033,0.07176171243190765
NRG,0.4281845986843109,0.003624884644523263,0.017330670729279518,0.27764031291007996,0.0980323776602745,0.026473376899957657,0.2824544608592987,0.06489022821187973
NTAP,0.38286706805229187,0.023625046014785767,0.022120889276266098,0.24285446107387543,0.12472455203533173,0.03689492493867874,0.199571892619133,0.05496908351778984
NTRS,0.47977226972579956,0.030943358317017555,0.038135237991809845,0.3338460624217987,0.0795057862997055,0.03964103013277054,0.27095556259155273,0.08021794259548187
NUE,0.4121457040309906,0.021694274619221687,0.01058048103004694,0.23118798434734344,0.08657454699277878,0.05928492546081543,0.24321968853473663,0.08060836791992188
NVDA,0.370094358921051,0.022937890142202377,0.022239986807107925,0.22774110734462738,0.19365458190441132,0.06029325723648071,0.1324656903743744,0.14149482548236847
NVR,0.4691597521305084,0.0526370033621788,0.015509434044361115,0.3315002918243408,0.07104558497667313,0.027848904952406883,0.2700285315513611,0.061665501445531845
NWL,0.4069395065307617,0.029765069484710693,0.04812842607498169,0.2336205393075943,0.12312774360179901,0.06344237178564072,0.1886797845363617,0.12061901390552521
NWS,0.5107073187828064,0.013751844875514507,0.0030408320017158985,0.31324833631515503,0.03048061951994896,0.01863539218902588,0.2660138010978699,0.02590915933251381
NWSA,0.4930700957775116,0.0046172733418643475,0.00967513769865036,0.3063797354698181,0.05284817889332771,0.018687155097723007,0.27895379066467285,0.03708718344569206
NXPI,0.4151620864868164,0.025859514251351357,0.01012842170894146,0.2600550949573517,0.0962541252374649,0.026546180248260498,0.20136772096157074,0.10542523115873337
O,0.5149718523025513,0.0012847433099523187,0.00609975541010499,0.3227790892124176,0.08720004558563232,0.008497032336890697,0.30338701605796814,0.031664393842220306
ODFL,0.48496490716934204,0.014048526994884014,0.008085341192781925,0.31873470544815063,0.03934488818049431,0.023744579404592514,0.28926756978034973,0.047220535576343536
OKE,0.43084606528282166,0.014143102802336216,0.0,0.2565915286540985,0.11739494651556015,0.03511098772287369,0.3064550757408142,0.11596880853176117
OMC,0.4893060028553009,0.03357095271348953,0.029794709756970406,0.34798330068588257,0.032332975417375565,0.03755549341440201,0.22365495562553406,0.016472283750772476
ORCL,0.48676958680152893,0.010908884927630424,0.009047813713550568,0.318779855966568,0.044462740421295166,0.018032671883702278,0.3168182671070099,0.05753277614712715
ORLY,0.48030179738998413,0.019717270508408546,0.006983265280723572,0.3482721149921417,0.030895540490746498,0.0036391408648341894,0.2849249541759491,0.03610379621386528
OXY,0.3555722236633301,0.0054563311859965324,0.03657926991581917,0.1767810434103012,0.3122085630893707,0.048726655542850494,0.20616281032562256,0.2409798800945282
PAYC,0.32606205344200134,0.029614638537168503,0.038689468055963516,0.21281935274600983,0.24252064526081085,0.039842989295721054,0.1696348935365677,0.10929731279611588
PAYX,0.49624696373939514,0.018322531133890152,0.01323476992547512,0.3094380795955658,0.06799833476543427,0.02136373147368431,0.3232688307762146,0.05166652053594589
PBCT,0.41927406191825867,0.012822920456528664,0.04880090802907944,0.2766440212726593,0.1313035488128662,0.0626956894993782,0.2426377683877945,0.12449697405099869
PCAR,0.5081249475479126,0.011449219658970833,0.015765270218253136,0.33708304166793823,0.03193176910281181,0.006280026864260435,0.27181872725486755,0.042236484587192535
PEAK,0.5311023592948914,0.00012582859199028462,0.01646173745393753,0.3067977726459503,0.08842955529689789,0.0105171212926507,0.29344412684440613,0.029421627521514893
PEG,0.5256832838058472,0.0,0.0,0.3547859787940979,0.025057895109057426,0.0,0.32933396100997925,0.03891341760754585
PENN,0.291122704744339,0.08467192947864532,0.035539660602808,0.15805813670158386,0.2973322570323944,0.029896268621087074,0.10511855781078339,0.2501473128795624
PEP,0.5214326977729797,0.00563014205545187,0.005792431533336639,0.3837409019470215,0.0020577113609761,2.2812613678979687e-05,0.32339686155319214,0.0429624579846859
PFE,0.4987965226173401,0.01750202104449272,0.0076129683293402195,0.34291309118270874,0.01957397349178791,0.013358471915125847,0.30875617265701294,0.03218664601445198
PFG,0.45704326033592224,0.05003732442855835,0.050586212426424026,0.32241183519363403,0.10139338672161102,0.049679823219776154,0.21951328217983246,0.08199822902679443
PG,0.5307191610336304,0.014352075755596161,0.012475221417844296,0.41522708535194397,0.005460843443870544,0.0,0.33421388268470764,0.03513376787304878
PGR,0.5010263323783875,0.02749837376177311,0.0069056847132742405,0.3694421350955963,0.015621104277670383,0.008419162593781948,0.3018553853034973,0.002367656212300062
PH,0.4972245693206787,0.007812944240868092,0.0,0.26771798729896545,0.06430041044950485,0.026648247614502907,0.27146849036216736,0.019628116860985756
PHM,0.43333110213279724,0.017065217718482018,0.053456902503967285,0.2638624608516693,0.12212776392698288,0.04047989100217819,0.21224306523799896,0.13572929799556732
PKG,0.50850909948349,0.004017649684101343,0.01015291828662157,0.27810701727867126,0.04503994062542915,0.007209844887256622,0.3414629399776459,0.04341168329119682
PKI,0.48305320739746094,0.0,0.0,0.2679557800292969,0.06141722574830055,0.012645239941775799,0.2765747904777527,0.05360952392220497
PLD,0.4740958511829376,0.005970848258584738,0.021174654364585876,0.34198880195617676,0.06220618262887001,0.011758498847484589,0.3009648621082306,0.0410776361823082
PM,0.5033677816390991,0.010848835110664368,0.0044287764467298985,0.3751841187477112,0.013339884579181671,0.0039133853279054165,0.2924845516681671,0.043115925043821335
PNC,0.4356085956096649,0.01570473052561283,0.033567000180482864,0.32242101430892944,0.10371755063533783,0.026949426159262657,0.2903438210487366,0.06798772513866425
PNR,0.49845486879348755,0.004199081566184759,0.0012195046292617917,0.2678014636039734,0.07872910052537918,0.009548000060021877,0.27541738748550415,0.047706689685583115
PNW,0.5187529921531677,0.0,0.014485983178019524,0.32660457491874695,0.03569721058011055,0.0004239832633174956,0.3425234854221344,0.03222966566681862
POOL,0.45442959666252136,0.027392853051424026,0.030718369409441948,0.3119635283946991,0.06202765926718712,0.030535826459527016,0.24679943919181824,0.08740774542093277
PPG,0.5295706391334534,0.004928071983158588,0.00865873135626316,0.28953126072883606,0.06170039623975754,0.011830462142825127,0.3087400794029236,0.05968232825398445
PPL,0.49176549911499023,0.0,0.03520166128873825,0.3329179883003235,0.08646523952484131,0.003940741065889597,0.3245416581630707,0.06093710660934448
PRU,0.4705410897731781,0.031253136694431305,0.049696046859025955,0.3350195288658142,0.12113682180643082,0.03519761934876442,0.2763388752937317,0.08339673280715942
PSA,0.4901297986507416,0.004573968704789877,0.019757075235247612,0.36441734433174133,0.04223981872200966,0.0134931905195117,0.2782912254333496,0.015995116904377937
PSX,0.4241742789745331,0.0115155428647995,0.0,0.24652954936027527,0.1380225121974945,0.039164893329143524,0.23522555828094482,0.09515456110239029
PTC,0.36931371688842773,0.011222143657505512,0.02419556863605976,0.24676211178302765,0.11249377578496933,0.04467349126935005,0.25179046392440796,0.09263784438371658
PVH,0.34665554761886597,0.05836458131670952,0.021309396252036095,0.2432790994644165,0.17824864387512207,0.09088877588510513,0.1628357619047165,0.1126900389790535
PWR,0.44259998202323914,0.03026972897350788,0.017068032175302505,0.30949273705482483,0.05076417699456215,0.011860000900924206,0.2562623620033264,0.060460396111011505
PXD,0.42061540484428406,0.0423823818564415,0.007963123731315136,0.24502980709075928,0.11502639204263687,0.038577042520046234,0.203603133559227,0.07638434320688248
PYPL,0.4269371032714844,0.019741002470254898,0.020881712436676025,0.2528751790523529,0.08898807317018509,0.01691465452313423,0.214260071516037,0.06610126793384552
QCOM,0.44715166091918945,0.03799442574381828,0.01584240049123764,0.21062572300434113,0.06924672424793243,0.06431523710489273,0.17152103781700134,0.12732218205928802
QRVO,0.38881784677505493,0.001759437844157219,0.020032504573464394,0.22935712337493896,0.10538087785243988,0.01583091728389263,0.19714650511741638,0.10499708354473114
RCL,0.3757333755493164,0.06571853905916214,0.06696171313524246,0.20311281085014343,0.28270044922828674,0.11216090619564056,0.19960935413837433,0.1568669229745865
RE,0.49706655740737915,0.004035263787955046,0.02452133037149906,0.3228718638420105,0.07390165328979492,0.012531799264252186,0.2996067702770233,0.033039502799510956
REG,0.4964461326599121,0.01486434880644083,0.01824275031685829,0.3237168490886688,0.10381723940372467,0.05992612615227699,0.2643659710884094,0.045894257724285126
REGN,0.44029444456100464,0.02808261848986149,0.0,0.3433096408843994,0.02808367647230625,0.02759614586830139,0.24343743920326233,0.03825930878520012
RF,0.41346773505210876,0.0264126043766737,0.039132002741098404,0.2969844341278076,0.12571249902248383,0.06871168315410614,0.22111712396144867,0.07228545844554901
RHI,0.4909009337425232,0.009482882916927338,0.03371273726224899,0.29531481862068176,0.13017962872982025,0.03705715015530586,0.25270506739616394,0.0915827751159668
RJF,0.4409256875514984,0.003281691810116172,0.03781742975115776,0.28306496143341064,0.13281922042369843,0.03742729499936104,0.24512596428394318,0.03510577231645584
RL,0.44219323992729187,0.027537837624549866,0.042548976838588715,0.26851269602775574,0.11353924125432968,0.04497552290558815,0.2435745745897293,0.05873961001634598
RMD,0.4578515589237213,0.034484539180994034,0.03853868693113327,0.30263879895210266,0.06959615647792816,0.013931012712419033,0.23300789296627045,0.05378898233175278
ROK,0.4792870581150055,0.000840715249069035,0.0033397215884178877,0.28701260685920715,0.0654253289103508,0.005217927508056164,0.24514535069465637,0.04926043748855591
ROL,0.4469863474369049,0.009474650025367737,0.0007012582500465214,0.31250855326652527,0.031007666140794754,0.0038331043906509876,0.2679119110107422,0.049260612577199936
ROP,0.4967632293701172,0.0,0.006719742435961962,0.3226204812526703,0.0418514683842659,0.0010046400129795074,0.3304140865802765,0.03970666602253914
ROST,0.4626602530479431,0.002165861427783966,0.03486301749944687,0.2750474810600281,0.13445697724819183,0.02559821866452694,0.2467121183872223,0.05698547512292862
RSG,0.527107298374176,0.001732690492644906,0.009783441200852394,0.37797805666923523,0.03644618019461632,0.00048111911746673286,0.33636680245399475,0.014624145813286304
RTX,0.4763849675655365,0.001862907549366355,0.04447617009282112,0.2622740566730499,0.1697549968957901,0.015657825395464897,0.30118030309677124,0.09235908091068268
SBAC,0.4351560175418854,0.030257564038038254,0.004361454863101244,0.36333122849464417,0.05124194175004959,0.01738857291638851,0.25891613960266113,0.011230340227484703
SBNY,0.37466663122177124,0.04654303565621376,0.028896445408463478,0.29182928800582886,0.15268458425998688,0.07426630705595016,0.22067391872406006,0.06187056377530098
SBUX,0.47075802087783813,0.03838873282074928,0.038392990827560425,0.29631105065345764,0.06925274431705475,0.031197762116789818,0.2601323127746582,0.07742277532815933
SCHW,0.44705456495285034,0.01413712464272976,0.02664562687277794,0.251966267824173,0.1180066391825676,0.023227829486131668,0.24916556477546692,0.06966667622327805
SEDG,0.2398878037929535,0.06440659612417221,0.03227528929710388,0.1711009293794632,0.35375237464904785,0.10104763507843018,0.06526938080787659,0.16832685470581055
SEE,0.4915851950645447,0.0032459849026054144,0.01297746691852808,0.2646161615848541,0.03891923651099205,0.01860194467008114,0.2391805499792099,0.07716773450374603
SHW,0.5153981447219849,0.030651522800326347,0.02676352486014366,0.31734463572502136,0.06594060361385345,0.004956982098519802,0.343645840883255,0.04375828057527542
SIVB,0.4163665175437927,0.07871948927640915,0.07853659242391586,0.29213619232177734,0.1337559074163437,0.07650157064199448,0.1989225149154663,0.13351748883724213
SJM,0.48087236285209656,0.004333914257586002,0.022322284057736397,0.3441399931907654,0.06205194815993309,0.0043801781721413136,0.3106380105018616,0.061313945800065994
SLB,0.40996459126472473,0.04694218561053276,0.00283658504486084,0.27472543716430664,0.09867668151855469,0.02611500397324562,0.19996251165866852,0.15975594520568848
SNA,0.4914082884788513,0.0005307458341121674,0.03782406076788902,0.2893081605434418,0.09360005706548691,0.011026806198060513,0.2960506081581116,0.0843690037727356
SNPS,0.43848055601119995,0.0178114902228117,0.016122886911034584,0.26989319920539856,0.10031198710203171,0.02187787927687168,0.21731483936309814,0.0713014006614685
SO,0.5150666236877441,0.001188172260299325,0.015269947238266468,0.33394333720207214,0.05071413889527321,0.003588282037526369,0.3310375213623047,0.04847865551710129
SPG,0.3900773823261261,0.05287265405058861,0.019840899854898453,0.3301423490047455,0.18574462831020355,0.0698745921254158,0.22641189396381378,0.09506349265575409
SPGI,0.4733922481536865,0.039911847561597824,0.0030046498868614435,0.3293387293815613,0.043835680931806564,0.019219186156988144,0.2894882559776306,0.0318879708647728
SRE,0.5111125111579895,0.0,0.014364014379680157,0.35736164450645447,0.06803470849990845,0.0004693040973506868,0.32557135820388794,0.028772583231329918
STE,0.46425631642341614,0.012133004143834114,0.015559098683297634,0.3331572413444519,0.05162008851766586,0.0018422773573547602,0.285046249628067,0.013770157471299171
STT,0.46187469363212585,0.024797482416033745,0.01191831286996603,0.3307625949382782,0.051697682589292526,0.04402666538953781,0.23577578365802765,0.05527568235993385
STX,0.43911013007164,0.0301943551748991,0.030987462028861046,0.28126034140586853,0.08154089748859406,0.013804113492369652,0.1899363249540329,0.07646354287862778
STZ,0.536450982093811,0.0,0.027295896783471107,0.31306663155555725,0.12137393653392792,0.031687792390584946,0.32878515124320984,0.06421738117933273
SWK,0.49911069869995117,0.007219510618597269,0.020540663972496986,0.29611942172050476,0.06402833014726639,0.0004385331994853914,0.33541256189346313,0.03033086471259594
SWKS,0.39644303917884827,0.026644397526979446,0.03586577996611595,0.2473459243774414,0.11717317998409271,0.021630646660923958,0.18604524433612823,0.13178224861621857
SYF,0.4350981116294861,0.046596501022577286,0.04891321808099747,0.2941868305206299,0.11592657119035721,0.053879719227552414,0.21484149992465973,0.10170499235391617
SYK,0.47723668813705444,0.0024810810573399067,0.04868362471461296,0.2912226617336273,0.12482712417840958,0.02046346664428711,0.309757262468338,0.08668094873428345
SYY,0.4817662835121155,0.006948157213628292,0.033276647329330444,0.2970580458641052,0.1070418432354927,0.023385385051369667,0.26392027735710144,0.04946254566311836
T,0.4531812071800232,0.009921199642121792,0.021548181772232056,0.3701128363609314,0.05779973417520523,0.009473538026213646,0.28460925817489624,0.04599318280816078
TAP,0.4689006805419922,0.02261333167552948,0.006841100752353668,0.2915174067020416,0.07356905192136765,0.03653811290860176,0.2504347860813141,0.06083820387721062
TDG,0.45144596695899963,0.0,0.053472232073545456,0.20750321447849274,0.19088244438171387,0.03106180764734745,0.29194197058677673,0.10357216745615005
TDY,0.5035718679428101,0.027061568573117256,0.009255957789719105,0.3053535521030426,0.08512222021818161,0.015372509136795998,0.3326869308948517,0.006780130323022604
TECH,0.4701593518257141,0.02787713333964348,0.006205182988196611,0.3093906342983246,0.05408775061368942,0.016508271917700768,0.29026514291763306,0.03247116133570671
TEL,0.5059102773666382,0.0050621782429516315,0.0066167679615318775,0.28845590353012085,0.06070728227496147,0.009860704652965069,0.2816285789012909,0.020707963034510612
TER,0.3917340338230133,0.003362946677953005,0.005763806402683258,0.22717861831188202,0.14818131923675537,0.07028786838054657,0.1915743201971054,0.08604615181684494
TFX,0.4670829176902771,0.006218243855983019,0.04171748086810112,0.27582305669784546,0.11360406130552292,0.03606678172945976,0.2686152756214142,0.10210604965686798
TGT,0.48218104243278503,0.005567593965679407,0.01981181837618351,0.2959102988243103,0.05766328051686287,0.011586791835725307,0.265637069940567,0.06702376157045364
TJX,0.48735687136650085,0.003691426245495677,0.010822239331901073,0.2827664315700531,0.10789190977811813,0.024227004498243332,0.28211748600006104,0.029191311448812485
TMO,0.5056782364845276,0.008849544450640678,0.0,0.3259158432483673,0.03296976536512375,0.008497226983308792,0.29056549072265625,0.05181947723031044
TMUS,0.41649800539016724,0.015129216946661472,0.008276036940515041,0.29737645387649536,0.07050658762454987,0.02516152523458004,0.25433263182640076,0.08469425141811371
TPR,0.43620190024375916,0.021727636456489563,0.05014399066567421,0.236048623919487,0.1495404988527298,0.023000778630375862,0.23337720334529877,0.1038060262799263
TRMB,0.46636146306991577,0.015254401601850986,0.026586277410387993,0.2568623423576355,0.09075675159692764,0.04913687705993652,0.22578532993793488,0.06314729899168015
TROW,0.4732317626476288,0.023540982976555824,0.03295839577913284,0.32536599040031433,0.08243884891271591,0.0021850280463695526,0.2319570630788803,0.04817797988653183
TRV,0.4802823066711426,0.004531103186309338,0.010739578865468502,0.3308398723602295,0.04590114578604698,0.011662849225103855,0.3025833070278168,0.05343716964125633
TSCO,0.4848370850086212,0.012093134224414825,0.002895952435210347,0.3675580620765686,0.031950291246175766,0.010246789082884789,0.2628951966762543,0.05274674668908119
TSLA,0.3473895192146301,0.032618533819913864,0.013201178051531315,0.16553325951099396,0.20302394032478333,0.09637482464313507,0.09934904426336288,0.2054324448108673
TSN,0.46770673990249634,0.032591041177511215,0.008344447240233421,0.3766244947910309,0.04936656728386879,0.00014787485997658223,0.29551461338996887,0.06638526171445847
TT,0.4964856207370758,0.0,0.02722182869911194,0.2914402186870575,0.09070759266614914,0.010283163748681545,0.29308292269706726,0.046110112220048904
TTWO,0.41277623176574707,0.0006309428135864437,0.009006750769913197,0.24262940883636475,0.06595571339130402,0.015026398934423923,0.22633342444896698,0.07130219787359238
TWTR,0.33873504400253296,0.049810830503702164,0.0389082245528698,0.2545653283596039,0.15444573760032654,0.04778365418314934,0.17066116631031036,0.10816256701946259
TXN,0.4719356596469879,0.0022869615349918604,0.02247709408402443,0.258430153131485,0.07913122326135635,0.004492498002946377,0.24205951392650604,0.07704903185367584
TXT,0.4548966884613037,0.010981117375195026,0.06978673487901688,0.28528836369514465,0.16896550357341766,0.04623350501060486,0.2524767220020294,0.09338568150997162
TYL,0.4666514992713928,0.03184216842055321,0.007378594018518925,0.35006314516067505,0.06426043808460236,0.01694965362548828,0.26756003499031067,0.024669012054800987
UA,0.3482585847377777,0.042476922273635864,0.04170936718583107,0.17407754063606262,0.2285190373659134,0.10602083057165146,0.1615295559167862,0.12997986376285553
UAA,0.33368778228759766,0.0559927299618721,0.0751386359333992,0.1759204864501953,0.2617642283439636,0.10606872290372849,0.15700410306453705,0.13157092034816742
UAL,0.37337765097618103,0.06644945591688156,0.059836648404598236,0.24154718220233917,0.16473963856697083,0.0962894931435585,0.17840567231178284,0.09368353337049484
UDR,0.5191649198532104,0.003178771585226059,0.016037555411458015,0.3295327126979828,0.07101649045944214,0.031135693192481995,0.2370074838399887,0.032304879277944565
UHS,0.44175049662590027,0.05884150043129921,0.05134226754307747,0.3470816910266876,0.12248370796442032,0.07370034605264664,0.2733612656593323,0.08327828347682953
ULTA,0.4310908317565918,0.014480425976216793,0.028163675218820572,0.22281864285469055,0.1792074739933014,0.028095964342355728,0.26113584637641907,0.14509478211402893
UNH,0.48593205213546753,0.004271417390555143,0.03696080669760704,0.34316903352737427,0.07026869803667068,0.01607144996523857,0.30577021837234497,0.07359037548303604
UNP,0.5022267699241638,0.005949567072093487,0.017354076728224754,0.31747716665267944,0.0631498396396637,0.015550399199128151,0.31508660316467285,0.038670700043439865
UPS,0.48496556282043457,0.0005061245756223798,0.021871032193303108,0.2943708300590515,0.06069663166999817,0.018274517729878426,0.25080329179763794,0.04966964200139046
URI,0.36981940269470215,0.056706804782152176,0.021929264068603516,0.2621689736843109,0.11356761306524277,0.07063791900873184,0.18319471180438995,0.07580012083053589
USB,0.4652434289455414,0.013691708445549011,0.04033597931265831,0.3093881905078888,0.09067393839359283,0.031016740947961807,0.28281065821647644,0.0516778789460659
V,0.48918643593788147,0.015054807998239994,0.022297199815511703,0.30780887603759766,0.08337163925170898,0.0022964689414948225,0.31507185101509094,0.06658290326595306
VFC,0.4337215721607208,0.0031682944390922785,0.047281913459300995,0.27479222416877747,0.1537955105304718,0.03532953932881355,0.24388495087623596,0.09950445592403412
VLO,0.4113733470439911,0.007198079023510218,0.0066298916935920715,0.20278353989124298,0.18551720678806305,0.04738958925008774,0.2409069538116455,0.13959403336048126
VMC,0.44482120871543884,0.02900591865181923,0.0024898338597267866,0.28374189138412476,0.11199082434177399,0.01298255380243063,0.24503882229328156,0.03584183007478714
VNO,0.3827621340751648,0.022115232422947884,0.04380346089601517,0.2552449405193329,0.20335233211517334,0.07466615736484528,0.2156125158071518,0.14873072504997253
VRSK,0.4875185191631317,0.024429067969322205,0.019220948219299316,0.36951354146003723,0.02665894851088524,0.0036479884292930365,0.33224016427993774,0.05021118372678757
VRSN,0.46702340245246887,0.014775554649531841,0.01908612623810768,0.3325163722038269,0.048488713800907135,0.0023612172808498144,0.28481820225715637,0.05971469730138779
VRTX,0.4485331177711487,0.008215782232582569,0.0075128162279725075,0.2714636027812958,0.07654459774494171,0.021941794082522392,0.24259798228740692,0.051476914435625076
VTR,0.5224589705467224,0.0,0.0364006944000721,0.28177064657211304,0.0888756662607193,0.062249984592199326,0.2621839642524719,0.020156754180788994
VTRS,0.444973886013031,0.03266327455639839,0.0052649793215096,0.2610597014427185,0.09202687442302704,0.030794953927397728,0.17966221272945404,0.058633241802453995
VZ,0.5456594824790955,0.01560237817466259,0.003160329768434167,0.4196047782897949,0.007169986609369516,0.0,0.3557206094264984,0.013548512943089008
WAB,0.4169660210609436,0.011392413638532162,0.021374301984906197,0.2623327970504761,0.08786459267139435,0.033592160791158676,0.2566746175289154,0.0921362042427063
WAT,0.4934127926826477,0.01473278272897005,0.014649623073637486,0.32331737875938416,0.051263440400362015,0.0087843993678689,0.30274656414985657,0.03630189970135689
WBA,0.452139675617218,0.016877973452210426,0.0013358741998672485,0.3099885880947113,0.08094809949398041,0.024283738806843758,0.2401578724384308,0.038094162940979004
WDC,0.3669529855251312,0.07033111900091171,0.044239554554224014,0.2572501599788666,0.1623695343732834,0.06085029989480972,0.15614786744117737,0.11647548526525497
WEC,0.5236853361129761,0.004545878618955612,0.004369701724499464,0.3371778428554535,0.05695955082774162,0.013571676798164845,0.26995640993118286,0.037647128105163574
WELL,0.4865916073322296,0.030725199729204178,0.05233197659254074,0.31099024415016174,0.11089110374450684,0.05174009129405022,0.24730339646339417,0.09080515056848526
WFC,0.4447937309741974,0.04741493985056877,0.046114083379507065,0.317087322473526,0.0906478688120842,0.02473461627960205,0.24341444671154022,0.07889577001333237
WHR,0.4373488128185272,0.0310423094779253,0.029636025428771973,0.35196956992149353,0.07504778355360031,0.013338376767933369,0.21124382317066193,0.06471583992242813
WM,0.5349825620651245,0.0,0.0004288415948394686,0.3485845625400543,0.029809193685650826,0.002316624391824007,0.3361537754535675,0.014996870420873165
WMB,0.4686579704284668,0.026221338659524918,0.0016125196125358343,0.3152216970920563,0.11819881200790405,0.022863617166876793,0.32140424847602844,0.03938087821006775
WMT,0.5017237067222595,0.014870560728013515,0.0009991665137931705,0.39011427760124207,0.026630135253071785,0.0027298820205032825,0.32049426436424255,0.031428515911102295
WRB,0.5170925259590149,0.004656228236854076,0.01423818152397871,0.32630735635757446,0.05968537554144859,0.017125025391578674,0.2838740348815918,0.048820801079273224
WRK,0.4036039412021637,0.01209085714071989,0.026759978383779526,0.23832719027996063,0.13767071068286896,0.04794726148247719,0.24637937545776367,0.10589313507080078
WST,0.47669124603271484,0.02431432716548443,0.01027003861963749,0.2856796681880951,0.033105526119470596,0.017007816582918167,0.2510874271392822,0.05360260233283043
WY,0.43152469396591187,0.025837736204266548,0.04679010435938835,0.3177695870399475,0.09146998077630997,0.024658629670739174,0.24001584947109222,0.06823078542947769
WYNN,0.3955628275871277,0.006127187516540289,0.015107407234609127,0.13896548748016357,0.2054641991853714,0.08862815052270889,0.14182832837104797,0.12516696751117706
XEL,0.5051736235618591,0.010940770618617535,0.01542455144226551,0.377975195646286,0.00846305675804615,0.0009833218064159155,0.3253224492073059,0.04606049880385399
XOM,0.4151620864868164,0.025859514251351357,0.01012842170894146,0.2600550949573517,0.0962541252374649,0.026546180248260498,0.20136772096157074,0.10542523115873337
XRAY,0.4587259292602539,0.0072491904720664024,0.0377609059214592,0.30428239703178406,0.10396809875965118,0.026117149740457535,0.27995261549949646,0.07356274873018265
XYL,0.46634790301322937,0.021470407024025917,0.012709940783679485,0.28990787267684937,0.07162002474069595,0.022106483578681946,0.23464779555797577,0.0405215322971344
YUM,0.5077599287033081,0.0,0.041914552450180054,0.29840442538261414,0.10421877354383469,0.006433192174881697,0.3250543773174286,0.08768220990896225
ZBH,0.4699820578098297,0.0029092777986079454,0.0416182242333889,0.26336953043937683,0.12004948407411575,0.04107664152979851,0.2564341723918915,0.08131711930036545
ZBRA,0.4082038998603821,0.029449906200170517,0.026122447103261948,0.24706487357616425,0.06984955817461014,0.03559086471796036,0.19396814703941345,0.12533020973205566
ZION,0.393100768327713,0.034120865166187286,0.019890908151865005,0.3298019766807556,0.11304360628128052,0.0619075708091259,0.22690294682979584,0.08847040683031082
ZTS,0.4917968809604645,0.0,0.014464364387094975,0.3103172779083252,0.07734672725200653,0.009635215625166893,0.3183077275753021,0.027898404747247696
