index,original_n,deco_pca_Kmean,deco_pca_Agglo,deco_pca_MiniB,deco_pca_Gauss,deco_pca_Spect,deco_fast_Kmean,deco_fast_Agglo,deco_fast_MiniB,deco_fast_Gauss,deco_fast_Spect,deco_isom_Kmean,deco_isom_Agglo,deco_isom_MiniB,deco_isom_Gauss,deco_isom_Spect,tabl__Kmean,tabl__Agglo,tabl__MiniB,tabl__Gauss,tabl__Spect,neur_conv_Kmean,neur_conv_Agglo,neur_conv_MiniB,neur_conv_Gauss,neur_conv_Spect,neur_mlp_Kmean,neur_mlp_Agglo,neur_mlp_MiniB,neur_mlp_Gauss,neur_mlp_Spect,neur_lstm_Kmean,neur_lstm_Agglo,neur_lstm_MiniB,neur_lstm_Gauss,neur_lstm_Spect,orig__Kmean,orig__Agglo,orig__MiniB,orig__Gauss,orig__Spect,orig__origi,orig__rando,sp500
2018-10-31,1.2365987732072705,1.4635769719680056,1.6072453174915158,1.466600149669016,1.4286433045215123,1.4386491766779352,1.531570214093759,2.0150228406660573,1.465506779277979,1.4609888137742342,1.5239678844159745,1.2051399169852837,1.095209052895822,1.0808156452906015,1.3201483269697731,1.3798923969766224,1.6035920154296406,1.363632041287531,1.481112375795005,1.4209199222783795,1.193251453366838,1.5515111844788096,1.5641216733876953,1.503967642615083,1.6397631608440366,1.6015459233899783,1.4961007513739801,1.6353439522948314,1.2287466936893332,1.4580343431224867,1.8008407462883136,1.7481620230724086,1.4598237097026174,1.7231073201902032,2.2408862063187076,1.3651813005869406,1.553166220294924,1.6534420001912422,1.672565983557622,1.3149450735558281,1.5901509840206138,1.2365987732072705,1.5155183081184629,1.0
2018-11-30,1.1208339298660785,1.2831936613653965,1.488535455207156,1.3867066786626827,1.2964459829287693,1.3062902023797633,1.3521240150914413,1.4893077066301224,1.280380640274952,1.4269831230726568,1.3975085677091108,1.251322331559095,1.1777806030622189,1.1087474114265974,1.2282819983643347,1.0997595585939923,1.1420740603164745,1.1228349718507655,1.0789878118756198,1.1059027917672346,1.01887575074075,1.4592685497642532,1.5088316124390708,1.2767855556336225,1.228740126225806,1.3324248770504334,1.2527066920114838,1.2829346248623126,1.1457487248373854,1.244654513098608,1.3476707799363263,1.3768789842841918,1.3262776735041397,1.4185700255476257,1.5339114123453048,1.2768031858479645,1.408426992838468,1.3414702454912582,1.4241606607753625,1.1730586004984636,1.2395208664825006,1.1208339298660785,1.249007878782304,1.0
2018-12-31,1.0852775721665133,1.1000706892286978,1.2448940069625667,1.1677997550809074,1.0942969529548239,1.1545044695779607,1.1529711767135762,1.15431739309641,1.150594480350486,1.1055581657328462,1.1684733116292714,1.0630108498394417,1.0098726598194558,1.0227334743582421,1.0739744853574489,1.1400690808308114,1.0994100601321077,1.1504054150687897,1.0928102225970406,1.1697852877062735,1.125738571518694,1.2091011886608805,1.3223747361184794,1.168064951280651,1.103749387655394,1.173948008596457,1.1853190199985828,1.278703859761037,1.0690204148642815,1.108616715946025,1.2004934466898283,1.225497014570358,1.1441718343191298,1.1880305748042808,1.3169772621212192,1.2353051604380152,1.2019485048183272,1.219742998903845,1.2106803630216971,1.0558953890799738,1.1149723509129708,1.0852775721665133,1.222081586984212,1.0
2019-01-31,0.6062016039913624,1.0352265211898894,0.8201850552138938,1.1017443579970836,0.9942504942386008,1.0305654106171227,1.099013263395332,0.6272789703676828,1.1531790311399188,1.0343905285392485,0.9968646435497325,0.8131039804246529,0.7472986424380975,0.6678198314610707,0.6672564896324678,0.7349588362897612,0.6992610473662836,0.49642336820330407,0.5350870882706933,0.8484599989498688,0.5812309456964362,0.8412290030522811,1.0838925357046338,1.0406122044694988,0.691581274994794,0.8971864288965362,0.9513886918460968,0.682730655614729,0.7948900206438546,0.8225348256167672,0.7501401094712309,0.9584097205880564,0.7183161679424503,1.034970586017398,0.4583406717588621,1.0257702660913461,1.0476394194192873,0.8158327868616979,1.2581140527851236,0.7010788639178546,0.9144182343260788,0.6062016039913624,1.0971759232317313,1.0
2019-02-28,-0.006666425716522813,0.3709934161719411,0.3873769725119521,0.3138107805340987,0.28638499318410066,0.38334964707337466,0.4193829121754166,-0.36521210370332857,0.5737292712563034,0.3760560016831973,0.14841549073044294,0.5937530354607774,0.2364269630650766,0.49240283032055515,0.5246847737186766,0.38421063201788963,-0.48108247697523393,0.4105071198831264,-0.01899475124486267,-0.33297592067728404,0.38832244432275903,0.4281425066469106,0.3198414699211528,0.42906293061294126,0.25857671915024094,0.3103388757674922,0.32273310778298586,0.5429996396602217,0.3687502396199491,0.5642065515861233,0.474382633854692,0.37779350373997655,0.14039820104027761,0.5289029484031373,1.1596395922733693,0.2606289639259865,0.2852196926841639,0.2696635543431257,0.5020342988669005,0.14284631525762817,0.3430327284711513,-0.006666425716522813,0.3675417209920187,1.0
2019-03-31,0.3659214743356623,0.40324344552998326,0.29894592379874724,0.45048280983868494,0.30749463825086887,0.42223433118457787,0.47454063780398825,0.28689563654429384,0.4723348384650596,0.3112894462411497,0.47876408010349475,0.2679974723867302,0.23179684283388458,0.2368737810807932,0.3396100273688263,0.5060494534476065,0.5091306016121069,0.5302674156783841,0.367262110153174,0.3344623880033674,0.37095566648770173,0.31700752363609397,0.37236191038373023,0.5310058538371814,0.40171917775119426,0.2604482867110064,0.4512094487052293,0.4981041737844193,0.44698750558768574,0.3411585819679448,0.5600406538124371,0.5146928678522422,0.3799751218410928,0.4247773252052763,0.3849659284677382,0.37090522662417724,0.4706968195045799,0.3251414941293534,0.5508873721663401,0.31901007767488376,0.4315685872268002,0.3659214743356623,0.3774749728725377,1.0
2019-04-30,0.3587380331457326,0.3821262674297085,0.49114447833767333,0.42923299341154175,0.3934035211025549,0.5317720863955424,0.5279711104874322,0.47848690352380446,0.4939013354898702,0.43115966097387853,0.4128931321992735,0.2889922938131008,0.28263723970911686,0.3017070085128278,0.3917094914939578,0.4288318155954753,0.20789591026829396,0.5113233894894194,0.2986777985585421,0.42203302231078127,0.48188847160789094,0.46412338931886676,0.47933665149121996,0.40466795949200035,0.5639205259539141,0.45749972665768757,0.5556258581839313,0.5485433004286248,0.49137958545423543,0.6632951802550074,0.7453278900204999,0.588580362625964,0.5620876909686068,0.575843067714129,0.43706706207517215,0.4106292558778288,0.5010873481767655,0.41761744692154407,0.5969900265520612,0.3403585279587111,0.5845812145687868,0.3587380331457326,0.489933913514302,1.0
2019-05-31,0.6242922316950944,0.5957339797294486,0.7230010348519672,0.725770886360489,0.7221026082327232,0.710361315378497,0.6747935146617763,0.6763600069972762,0.7130261067250092,0.692483352761919,0.6019126308418782,0.632856942783248,0.560399908544812,0.5613745676102564,0.6318249497489861,0.7050906465488516,0.5343939291856902,0.6964615741356898,0.5402386954332403,0.5685607233707342,0.5242289424553709,0.6410199796710616,0.873983477107347,0.6879595273849415,0.6922419048073641,0.6604397568359536,0.6450615807527338,0.6999833702577415,0.5575449174818166,0.5698342807112617,0.7192439975186649,0.7668837299818164,0.6459189097323349,0.6422841671154564,0.9870051013719098,0.8567069412809084,0.6905141747017502,0.7715009041885531,0.7247715482285172,0.5886394344379009,0.7209690416020237,0.6242922316950944,0.8676670375961044,1.0000000000000002
2019-06-30,0.8502672517573003,1.1473438678523176,1.2990258989587733,1.0368771754432466,1.0807522536402037,1.1529641583894605,1.209237202222099,1.2139025747503267,1.030124197664715,1.1223694673425393,1.2211927465206376,1.0659654488504304,0.8904412394105261,1.0079712765968458,1.0694034559638723,1.0365814203892092,1.074751731263816,1.1559865588227383,0.8682198447334072,0.8004124622464326,0.9740484634435537,1.0796338213484933,1.4650345375007676,1.0978119934633797,0.9936912803883817,1.2998917894827895,1.2195041041759405,1.409991809542062,1.1205691589824454,1.3636118577677736,1.4195617341388969,1.2336155066956458,1.2538583892681714,1.177656815142207,2.1792178778651934,1.0997088247402182,1.253231075201831,1.2240080525181565,1.3229805411428566,0.998737767111891,1.239850380837841,0.8502672517573003,1.1524416010029936,1.0
2019-07-31,0.2660622870933543,0.2793982818626643,0.16437987244656038,0.1862120948735123,0.28982415428053826,0.4028379404690591,0.47417646003534564,0.15128606909545947,0.5589110365405328,0.3724439901866419,0.40438139161413533,0.26579516686929483,0.19692714088147725,0.17128372047507112,0.23473593868001294,0.18958938577774642,0.2014727891250409,-0.14904115963701495,-0.10053742423430881,0.08365022940970442,0.13635066976136928,0.40778316660942476,0.1256486819320698,0.4542657002213497,0.3936444753885479,0.30762296031739217,0.20557364792256588,-0.04441187831157332,-0.020598254799344337,0.3452311062992213,0.3635399429343752,0.405794287866735,0.18194208879447812,0.40819371996760745,-1.4343912244568515,0.23195436891543744,0.2709096330435254,0.1732983459101243,0.41593146453153584,0.09299077034202549,0.35418695882726553,0.2660622870933543,0.46649058179096065,1.0
2019-08-31,1.057461867030183,1.3348869268273689,1.4333109258278638,1.5303482150233463,1.3691601727921747,1.330032021396828,1.3676248133737978,1.4122661830601235,1.4036551463831506,1.4305967479132922,1.269831854375355,1.2612625151913504,1.2227300840594282,1.1464900186243592,1.1972680243186573,1.272449947527283,1.0116158434168794,1.1135338228646827,1.097420341436324,1.2409470217282723,1.1032158661284757,1.3149501233987864,1.5223575810507821,1.3135701566716733,1.2030888501998964,1.4015222509698606,1.1902511321087004,1.3564123435872428,1.124610526085142,1.175151436716796,1.3210408261745439,1.4323483607166314,1.3155967232590495,1.4462558312786413,1.6439800268074893,1.5241452881426432,1.3727187989871636,1.4277959477399034,1.4766700155248917,1.174890160892084,1.3546356897552954,1.057461867030183,1.412830154079423,1.0000000000000002
2019-09-30,0.7507094051477682,1.020472313390034,1.0776786282568818,1.0266015579923005,1.0599727117984854,0.8967153547639518,0.9140926409108666,1.3675620312176795,0.8998263963411997,1.0417551844024666,1.1135112882715317,1.0360746019128428,0.6290813357750886,0.7544268036884102,1.0579984438153762,0.799773496218888,0.6412223168906727,1.0758725360924724,0.7903643688873188,1.0131871138670467,0.931731755204224,0.7278785739983998,1.3756959074453006,1.0520026409667456,0.8192464918099832,0.9009479211346592,0.6401584383301034,1.0550934026853425,0.8168764261049791,0.3179291362443602,1.0913511011057806,0.9945296859936031,0.9621994947073794,0.9288578232088439,2.200773719919437,0.8661222459483197,0.9106251875972078,1.2259933442604303,1.2231834115581592,0.7910790663460248,0.9668904212063795,0.7507094051477682,0.612048748969117,1.0
2019-10-31,0.3253396764207713,0.7158948756371488,1.1440738781709932,0.7693171026753617,0.610999089021618,0.8449116138942123,0.9866490919601895,0.5790610310466927,0.7153142716609285,0.8116944843023193,0.7748647071340562,0.12560240199200898,0.21638803465801856,0.05812871280357052,0.48201143182446277,0.7448067655692476,0.9267127447109829,0.25019812914990125,0.7422443813790889,0.8037165073771867,0.15820302708471146,1.019628293322132,1.1583607329450423,1.32737255315349,0.8838116257415126,1.0403298662057894,0.7956457734849046,0.26137088435818134,0.41909664940478697,0.8253436417828095,0.9285519447739847,1.0338092955330638,0.07237087746905452,0.825462184708743,1.456936458759386,0.7166416842501367,0.9031298921066174,1.2811283696130211,1.1637099403739166,0.4809068477655172,0.7254933346026772,0.3253396764207713,1.1084998398115529,1.0
2019-11-30,1.6960313174850743,2.0767280709679268,2.5977035179827492,2.3937103413064507,2.1216086689222053,1.792673794859901,2.0785991608452914,2.6890297251061153,1.9001858456509078,2.263305115072592,2.3666063204386116,2.3697781176351564,1.8681227105866711,1.9717344792717786,2.430881781498944,2.0200508716275754,1.990749710346497,1.8413358813072487,1.732411654476243,1.7610683035575039,1.8087121653107825,2.321013282446954,2.5187686919064327,2.2770218735859054,1.975531374086974,2.3210972126565306,1.7604962779992155,2.297562614986076,1.5055506549493807,1.9666121075125633,2.2783657105215793,2.1177954710566174,2.5865097502898657,2.2341684881953223,5.393400121901323,2.2843258354150526,2.510828417814694,2.7213049954177895,2.304088129111777,2.4431746793165336,1.8012832282712907,1.6960313174850743,1.8695407207559844,1.0
2019-12-31,0.06925730217719205,0.1673455714266915,0.24526814516761936,0.1837174767958357,0.21805419655039232,0.3691974312584877,0.26466997134766573,0.07700996308733084,0.24353731275381582,0.27765583970789015,0.21202601479026026,0.1440810234634312,0.019155732649781782,-0.020784075704370554,0.1785618718166468,0.10847703606411432,-0.19217029071088382,-0.1351690856694646,0.409010703266098,0.5903672831533071,0.32419628201974976,0.22180285623334048,0.4503835877899404,0.6393113285940917,0.3172204307447706,0.2803834752236812,0.17555250468206482,0.19787912711257252,0.46827636845468723,-0.02160699014083904,0.2080325547630129,0.3734515933142895,0.26802784695469123,0.16615746100488704,0.7044444712296098,0.30412846429552576,0.32250295261494666,0.23166772545106593,0.33731759211003354,0.08414664084234255,0.24600628666469376,0.06925730217719205,0.2334198789162402,1.0
2020-01-31,1.5712908031768018,1.56720336343383,1.7462213929523138,1.6221996698526406,1.5509276379263224,1.6420351888092137,1.6802762108098348,1.3756296044906118,1.6192708461459988,1.6588678616862627,1.5857667541298008,1.2962132781323736,1.1250125494334895,1.1815333889442001,1.409518154894003,1.578710169430915,1.3130166329975614,1.5013117815742665,1.3382812891416795,1.2425520945580957,1.2055069680041717,1.5275665558945866,1.891745390208176,1.8481665974622457,1.5248151246253114,1.5872245759364978,1.4816199646580148,1.7768585977334908,1.3322746049918153,1.4314447071506167,1.842869533121338,1.7184530782603171,1.5174292907966584,1.601967048462888,2.316337171981097,1.7997575427754047,1.6852763144096312,1.7956206533416263,1.7793586925576694,1.46408383658489,1.6109994743029012,1.5712908031768018,1.8260872651904336,1.0
2020-02-29,0.9095203292178098,0.8696080200707382,1.1029038170725634,1.0718280858944276,0.9909587554441392,0.9297816106782444,0.927119681680283,0.9988578254333907,1.0103585337991714,0.9580511471712838,0.9434590635238912,0.7845857753541621,0.7290960366691165,0.764677754262394,0.9537409931918492,1.0846270158534734,0.8125330113859633,1.1881362249574028,0.8183153258530703,0.7375188437668725,1.2223686281446065,1.0018671134995065,1.232707538539263,0.9923797891647099,0.8988380430106948,0.9758077446268468,0.9247407869167662,1.3772772069406147,0.9126315287528429,0.9462867082060223,1.2406001828047628,1.089247010057455,0.9583900014738037,1.0674333489454215,1.7017874377564037,1.1324584750453068,0.9332574051659445,1.1347908737102972,1.0339787495999815,0.7692255868603692,1.0221070668093737,0.9095203292178098,1.070635052446403,1.0
2020-03-31,1.2682874519215912,1.2862252206416902,1.3935445439703875,1.2798759645769249,1.3445904614651005,1.339452669581045,1.3416301456387478,1.247081040469093,1.2545842678107015,1.3728959768891345,1.3048861186175822,1.1735682963563483,1.1518118586765824,1.1362275990760136,1.2522162226304236,1.3399634779520477,1.0780186797658726,1.260120740018159,1.0898389337685905,1.1004347389263123,1.1659462116369534,1.2963355640848615,1.2813009205368717,1.3009599121463937,1.3290307871765408,1.3715927835169863,1.2394994063889193,1.2806337747547105,1.197353893365315,1.2983925205060405,1.4249595147182306,1.370341664663669,1.303424414400585,1.3523194539336632,1.444074939987322,1.3475460649892854,1.3074332492945218,1.3038277090217376,1.3504496164478423,1.267956764705934,1.3444801980110093,1.2682874519215912,1.3708176909284868,1.0
2020-04-30,0.8976660222092333,0.9790255337880591,1.2557216457481313,0.922671400002072,1.0315811916800623,0.989541204667834,0.996599741142672,0.9734148393545307,0.9038408481834357,1.0109085298278189,0.991894166412493,0.8612359735991055,0.861148821978595,0.7817085414610674,0.9972364734298176,1.3270344652369055,0.6627247956906418,0.9098633098846376,0.8329391306560123,0.7236898773630764,0.7800141410001475,0.9463824750846431,1.0938486553583677,1.0069203882882234,0.8214139458589109,1.1742831421940079,1.0019586358922152,1.4045078636092707,0.9254595501885859,0.8446062939790256,1.1873768227894366,1.1507137437072434,1.201042559237019,1.1127595481891017,1.1588580091188243,1.139769092856004,0.9927638083595938,1.0708589995828497,1.0153326512845442,1.00961334069314,0.9828218900566251,0.8976660222092333,1.0523515937869938,1.0000000000000002
2020-05-31,1.7949214216554774,1.4661863874365264,1.857602254817579,1.5165825214670647,1.6135522883990376,1.686991067716251,1.5666666077059288,1.6056760931975465,1.620868617286421,1.4640026436951918,1.476594398984712,1.3216107902826604,1.208447216487089,1.1410343262271094,1.4261256309818864,1.9021948162853328,1.2858364216672498,1.9197111411661538,1.4991886194496709,1.3799407753409867,1.7397070162549622,1.625643432617886,1.587344412224392,1.6786320722218868,1.9497118519805947,1.807899779868117,1.6577337581012919,2.1576808733263744,1.5305104925355821,1.7118299890711957,2.0165707347506125,1.8425668626196545,1.8373576505311984,1.7534609254775266,2.3189203713531303,2.040005628653247,1.536083667995266,1.8472480774686288,1.5597467940146135,1.4074752054091768,1.863393939592385,1.7949214216554774,2.0550146780675695,1.0
2020-06-30,0.7694811026242216,0.54076453779347,0.7213251571400047,0.5259736674079514,0.5617791283347774,0.6327027920368617,0.6002080491871365,0.5187517531635445,0.7493809988305989,0.5066592869748238,0.5588878301391181,0.43508003212914637,0.4142675574089214,0.36772323618964786,0.5222994468374672,0.7773534116029516,0.6577125148117496,0.8946437343542626,0.6388445086650996,0.5518081376030383,0.8738320648921921,0.7721706858180746,0.6675483170041627,0.9165564426485567,0.939559119633847,0.7102582794872461,0.6056406256348095,0.8437588937738627,0.5134756283209081,0.6990923056306377,0.7926700556808632,0.8454988499715475,0.6397068329932649,0.8866413621018511,0.949626530156281,0.9328725038907064,0.5674077551640548,0.981787111047605,0.6388755953013106,0.4889341867982061,0.6505779048592312,0.7694811026242216,0.9666055440434372,1.0
2020-07-31,1.4897914487234056,1.688441828557752,2.1188064473205235,1.7316506271185157,1.7959673384323733,1.650018524716341,1.7170075629561763,1.618764308190694,1.7230292078767722,1.7900845031142127,1.7928728922781423,1.4667484831930224,1.4808800169203185,1.4300978236581985,1.6737073830468052,2.0535002051722464,1.2273627288557862,1.848380551102132,1.5152370706860423,1.4453701798039182,1.7622903162058312,1.6877150455312224,2.0603047245640864,1.9369089043108447,1.4810146987535566,1.8647062983290839,1.7471940954719092,2.417406278654884,1.557543115656112,1.3182009018067466,1.870270110725544,1.9519756382883786,1.7964490228400687,1.8289826029162108,2.4238922390007116,2.1292867745839237,1.6263190593455337,2.1750163961424884,1.6338328428508575,1.5740669676407102,1.5356668480702782,1.4897914487234056,1.813447524571942,1.0
2020-08-31,1.1626745687796234,0.908404769295452,1.019832471214713,0.8668525863077343,0.8329478882586442,0.9608014598877743,0.931357712308342,0.9889834756025621,0.740563802480939,0.9546478504419488,0.8806775011896122,0.7002766343820699,0.7616537883354078,0.6101605244896102,0.7474650786519914,1.0594206437351559,0.7411027061363257,0.9395560288247375,0.7089779408057716,1.2717972215031423,0.6937521672805431,0.9339518098922303,1.097351580494682,1.013736701474107,1.168577783994462,1.034066966035822,0.7775451207010955,1.227236671279857,0.8331563865283487,0.8733471445366912,0.8874922090333164,0.9279040973974072,0.8257382157665601,0.874147169171699,1.9572782105342952,1.1781301176789787,1.0073101259518926,1.1059651028258464,0.8492128487907186,0.8858692540711185,0.9898622134609281,1.1626745687796234,1.225051011356328,1.0
2020-09-30,0.5869118366118703,0.7284306138240725,0.7939609808025629,0.7534999248792216,0.7445447871015342,0.677274527596123,0.6993599259848713,0.8399749465392882,0.6536397264085876,0.7856144842354393,0.7175109822059438,0.7237455715302317,0.6964162593859717,0.7066902756788797,0.674730415987513,0.6236732636649176,0.6184823505443896,0.8256185033456241,0.6439923715378144,0.6992718213792428,0.6902530386606873,0.6656982826600428,0.9983890013462899,0.6462286828582123,0.5884181449493023,0.6869141946593736,0.720580590930564,0.7860845165376086,0.7005206013142803,0.6293096679513137,0.7610213402074559,0.6795535494222811,0.7048615993340134,0.7128192551686053,1.5631464373933368,0.6675057922298919,0.6862665164689346,0.7640224604767796,0.7214503810264526,0.6837464488300455,0.6811978793403651,0.5869118366118703,0.5832834490303217,1.0
2020-10-31,1.3727544926467643,1.1778319297852295,1.4089914222826032,1.3595607783471206,1.3426423960016793,1.3770430523021029,1.3543722061336958,1.108205177075531,1.418882562031243,1.2971001392171182,1.3091343863510643,1.022359553428006,1.1118360328728167,1.0079499645564374,1.1723495571291804,1.3432222663626718,1.1074164682717842,1.1980957372593095,1.0950975470479283,1.102541528053912,1.166681379575462,1.3227004127505253,1.17300606723998,1.2940034335382407,1.2935938653421968,1.4107157454117798,1.2409559968730333,1.515455284551355,1.0853508062705517,1.3414245650587513,1.4491573820007304,1.4281315382824546,1.3487911201477103,1.4540627663286827,0.2663841195055642,1.4836568249256115,1.2949597234491899,1.3221810348239575,1.3710236115409982,1.11024378811985,1.3973960552460112,1.3727544926467643,1.6105331828540783,1.0
2020-11-30,0.5952876618879551,0.5415930606387253,0.6376398909217844,0.43808411751098575,0.4856743278403647,0.5435547412660315,0.550607928393174,0.4810317082277152,0.42035530516933306,0.5261739810580695,0.48287460910301017,0.39416432114925165,0.35971317049106,0.3184187790131205,0.4662577081265957,0.676605336350057,0.3452737100227249,0.5081751906787109,0.30213470885537397,0.36489128182929986,0.3533617151732911,0.5602337415991125,0.4503444319193305,0.5246800474158478,0.5769434643038266,0.5919015976723573,0.46677202696855735,0.807932158906121,0.47259445438004805,0.3815939781522389,0.7608819305422226,0.6508835888549486,0.6924118895904058,0.5551442335848897,0.162266255007947,0.6941858001002805,0.5538793497522425,0.6539113572426015,0.4620371144891137,0.503878775957665,0.6252619609071557,0.5952876618879551,0.6145138785873878,1.0
2020-12-31,-0.03382218534322665,-0.06646094644260427,-0.06949173282997036,0.010928164111540002,-0.06730872965009344,-0.015861431424860566,-0.01915232439390744,-0.038198026744816656,-0.06389634991418583,0.009199483359401031,-0.04263983523135947,-0.001391521841528412,-0.004691412213284453,-0.008573998197934527,-0.037354133739385925,-0.059237535158670966,-0.12988680558421398,-0.13506188551960313,-0.08227714540232496,-0.05485798901566812,-0.06441155599344185,-0.05193134953943746,-0.03970386418138005,-0.05829279890955168,-0.055324530863517324,-0.07078905628761845,-0.05665428433545095,-0.09582817786946446,-0.050768914874963586,0.004359229440601536,-0.09401584160428528,-0.1086040280767441,-0.09768241732210746,-0.11699789970644094,0.24398183231992573,-0.1245044409301197,-0.0320663333452484,-0.14181690001842226,-0.030922528941362264,-0.07676339301473772,-0.05497035552163259,-0.03382218534322665,-0.06568186448913176,1.0
2021-01-31,0.9861675033976516,1.1086146062814999,1.1993001292367915,1.0219415477776024,1.171251353567392,1.0497995518512244,1.0466133384192209,1.0859343747417913,0.9966606629275417,1.1523416011930259,1.1668483203272026,0.9008646663201945,1.0038618598121904,0.7895122928200923,0.934328311286654,0.917853543797017,0.8532361541296922,0.9685251688505049,0.7443747700291483,0.8537527330701404,0.6575064903372851,1.161847304501155,1.341549039513163,1.197134028710811,1.0552759426681901,1.105260449865248,1.0373137904419343,1.0713960094940491,1.0816763263426645,1.0220379999148372,1.1828740236479804,1.1342230656733776,1.0011067497676593,0.9890261669586963,1.4975094609814343,1.1556228067163659,1.1135504388559185,1.1514505008311706,1.0252332905715755,0.925813186029905,0.9660006659888233,0.9861675033976516,0.9344299107116546,1.0
2021-02-28,1.3400168405989394,1.546419522702646,1.6111893675173357,1.5327864194381957,1.5212731257904644,1.4359325044001803,1.3924621719442558,1.3222857168892532,1.2248826269628794,1.416552281876153,1.4266072943151313,1.3387721954934335,1.3284601602496025,1.215655326296369,1.367904085832453,1.5922064819296204,1.1523419482649577,1.908876003890369,1.5811957325673345,1.4675427732932762,1.602147793454673,1.3744598325101265,2.0611698936096827,1.4912383313935496,1.3595480297392641,1.4501659732746226,1.5198848302861248,1.9166280292391913,1.4781451495315423,1.390163128984499,1.7374557322547175,1.4888278886729756,1.4265225804768031,1.4577799918570544,3.03046955321526,1.3870939409347307,1.43695520809545,1.629414464467616,1.548828185109478,1.289520238017517,1.4984464973677314,1.3400168405989394,1.3219830805218777,1.0
2021-03-31,1.5149268628752215,1.6499319338326035,1.883533870063268,1.6925135315224238,1.6548303605963754,1.3949713739500178,1.416609367334083,0.9121469915452067,1.276840637068986,1.4793702055602067,1.6172740455298404,1.4342411735282807,1.2768216446892442,1.4515717094308196,1.4795316458296492,1.6004798028642093,1.4825109676629504,1.6283354184541985,1.5600940438959516,1.292866710700851,1.43959852134178,1.7647971401354219,2.2968157323549416,1.7485597239060104,1.3760906059295062,1.2436710705135536,1.6522754429958837,1.9166358996334976,1.6855309088957198,1.2731290511098705,1.6966576013580195,1.7459010887518667,1.4974198794977434,1.620336264328067,3.166604311106489,1.6877373321474738,1.6761692957191545,1.8300361126426432,1.67509328578758,1.7324758888430756,1.3513927295275272,1.5149268628752215,1.734903462621432,1.0
2021-04-30,0.8592523424876893,0.7669252248364304,0.5922542802662254,0.7276066775229457,0.7902567775729387,0.6686852679897695,0.8131751197825523,0.9761566151331197,0.9654708268979358,0.9071409672864977,0.7989243164997178,0.696699150901723,0.7335050868327904,0.5895019648321066,0.717375932591552,0.5939672047668518,0.6801058139908606,0.7336666816173737,0.5237130403981103,0.7218091641808696,0.7793305072179553,0.7799752006702343,1.0119621592347714,0.7459439634799704,0.6603043880836587,0.606125291624139,0.5688912932965132,0.6452722224327927,0.4916245686854287,0.5718784522049812,0.5627036323306361,0.8004756836757423,0.7068836734754375,0.7827883299023769,1.0681471463279038,0.7096301067311132,0.6828263088153843,0.8703132915596915,0.8076756915470749,0.6272652423781553,0.6656285996695779,0.8592523424876893,0.7464135805317603,1.0
2021-05-31,0.2652325910190789,0.3128144626575236,0.3905808769417706,0.23496613509841652,0.4091948021106528,0.3588213391384193,0.2290464800888148,-0.0756462767897962,0.3763078708972928,0.30732790011133954,0.15966961286859369,0.33886870088998655,0.2837152976146978,0.3677163904452464,0.40809141725659936,0.44221100938247215,0.25637689897751886,0.1378841843870819,0.2395617257881302,0.3855183482783718,0.30536001512927646,0.29065535945728516,0.09146556832784127,0.14846078549880984,0.40030973363760963,0.3251701947779514,0.3052736886533937,0.06674423986643678,0.3285022001842823,0.2980054297143396,0.10983186655939103,0.2516336529391454,0.268895145701486,0.3022138304466237,-0.2720448804816731,0.43440388371174965,0.2536225434663866,0.3461380513098853,0.2993371808808921,0.33500532814855427,0.35550838814612423,0.2652325910190789,0.3999299775478491,1.0
2021-06-30,1.0624427406898815,0.9661038989625295,1.216762166638681,1.0173856045232093,1.0064648966803078,1.0491467069658136,0.9941181466991509,0.6592846045920568,0.9559868409726101,1.0380386843473886,0.8610562327986735,0.8663313993153727,0.9739639079189379,0.8465384974709123,0.9359428445034738,1.4464689670058088,0.8470502365556883,0.9634769634704894,0.7526690584586224,1.154394935850597,0.5107695975393315,0.7896467468540024,0.6744683067290338,1.0983605643648133,0.9347667594423041,1.40899794210318,1.0849609787686603,1.3136388651532946,1.1164831734228073,1.209356200439916,1.307430487442806,1.4967715335143144,0.9459186904843098,1.2515681909778151,0.008619264960863324,1.2843322553342646,1.1001619465346286,0.9544673879682939,1.375808269950708,0.9792262084850026,1.0815407233692096,1.0624427406898815,1.2978279340449708,0.9999999999999998
2021-07-31,1.2008903651900886,1.0484529100444309,1.3666050178847233,1.2079261817909197,1.2114117381358989,1.189412689505135,1.1706858410033327,0.9194948938860548,1.2526604731201378,1.1127883064981772,1.1487492646812927,0.8905738417305129,0.9721294970325233,0.7745988729001754,1.112700157665062,1.404790755955757,0.9094853821381593,1.1700711942155064,1.0272519910792226,0.8040011560893285,1.2093192148265657,1.247735052595698,0.9436748038239313,1.415785681452025,1.327186071117775,1.3639742307103986,1.1068570675852658,1.4538677036198193,1.0292783930521712,1.0726077203736144,1.4060438522112555,1.3830416065416093,1.2247835557041367,1.3939384751832053,0.6515174516328328,1.417511183793149,1.1790987390911756,1.4290911571517024,1.2373233629761176,0.9879153317855214,1.1883381281532825,1.2008903651900886,1.382437422990864,1.0000000000000002
2021-08-31,0.9311444727977554,1.136023206524917,1.194435816966754,1.3562002772049067,1.246987714885731,1.0742781892753617,1.1995765389155442,1.2664843136798563,1.15595534004828,1.2132775139490375,1.1639116853528315,1.015938689536101,1.0255251137826684,0.987930893632821,1.0224511521684745,1.1457211478837455,0.9663316172420888,0.9151433753571648,0.8900753976305855,0.9036729236531598,0.9956301201751073,1.1028949975944258,1.053899332578363,1.1317490285436786,0.9982534618908617,1.250019379249042,0.9025407210969868,1.2741779248327398,1.130267355494038,0.985401289282515,1.2830885745100882,1.2624099779319085,1.1835877667396923,1.3623077711785958,1.202989619235698,1.27218183947337,1.2788530466097061,1.1030622247453388,1.3710618394376066,1.1245580405120745,1.2289719353814637,0.9311444727977554,1.1397082328437755,1.0
2021-09-30,1.0051028060044966,1.0618928103853402,1.1394227442067693,1.1802886314417087,1.0117699132417877,1.039256641177562,1.067251031950814,0.9749815713592184,1.0028987840937023,1.0911173011802249,1.0819342531334113,0.9161281859066704,0.8399341227787247,0.8452480367734196,0.9241376643741852,1.1178156487984305,0.8317615287738382,0.9290447502865717,0.8554851248646154,0.839015786969057,0.7375567432631076,1.0785490078173223,1.1460556857710593,1.0407354709316246,0.892773577193916,1.165467315425818,1.0206362073627462,1.2874947298067385,0.9526791526471615,0.9772536055056296,1.1610827380326405,1.2427379226533997,1.0638724579613053,1.2006986038673078,0.8653842727960284,1.1306493648552034,1.1031532255915697,1.056043734622732,1.1883819205692518,0.9910865213980322,1.0234724058442524,1.0051028060044966,1.0979938305853483,1.0
2021-10-31,0.5469913276429418,0.5286096739799031,0.6078307699083165,0.5503122128321833,0.6463158575022807,0.4838407714008009,0.5732078122802928,0.5211790186135953,0.6595985239053684,0.7105920057316618,0.6033585651612312,0.6343005025880816,0.6679203755802197,0.7424381523139684,0.6937312779678817,0.5235121689812547,0.5715036614509368,0.29401112675547275,0.5158789004898761,0.563138242671885,0.4080285475996695,0.7952275919581199,0.6514985222425375,0.6102445430365536,0.6102048246170066,0.5253402887297208,0.48106298027028394,0.2973370673926697,0.4609591405905851,0.45915912904563005,0.368998649201549,0.5915306539079552,0.41336989725584494,0.6485049535132521,-0.0142922440350999,0.4974716005373186,0.5181597176019068,0.5978175713030748,0.6058703995181347,0.53875448071043,0.4023837377147328,0.5469913276429418,0.5498784745636719,1.0
2021-11-30,1.0119508255943297,1.1899091844950276,1.15043205221318,1.3201282267496466,1.1774789919916473,1.1209709483135164,1.1865402854000109,1.0967906289610885,1.1491122920701025,1.2090552705222286,1.1966418189333687,1.039515765339017,1.0327223769377158,0.9536218858497247,1.0748692415977927,1.2660330593683384,0.9210027982199287,0.9000007015804832,0.7412973638870969,1.1093516537558143,0.6937484191843553,1.0737987323349645,1.2534175896258613,1.2234390334423633,1.0473472190371884,1.170549336437589,1.066902011146169,1.331757845816598,0.9072463161063256,0.977474981287614,1.0944784375294307,1.349447523705224,0.9929109681055407,1.3108207176318105,0.5288579115906157,1.3454231395240144,1.2209501980825157,1.1962697203997987,1.3344908937780406,1.1015435685097643,1.1053115730519405,1.0119508255943297,1.321041399418705,1.0
2021-12-31,1.4904048655377962,1.6198305672793945,1.6869783068336912,1.786522358609526,1.6920803001952625,1.634259370823239,1.7098708091852879,1.735729422125928,1.5745230244178627,1.7581431297095715,1.6712271912090284,1.4347698297200664,1.4095840930879422,1.220675032065684,1.416884500635018,1.7511638374368639,1.252679290086028,1.75643344548622,1.364688443926717,1.4074191291886737,1.3971250610387465,1.5954277582645475,2.085341654209273,1.644685472492178,1.4850603623890024,1.7208717811252918,1.5169263115049725,2.0724222886820622,1.4732316101558283,1.337809620587848,1.7742039910473444,1.86902049750553,1.539867002681135,1.768668189449331,1.8051878384754876,1.7728260722668512,1.7204015115706155,1.7115171737623405,1.7532130658703116,1.4248776830114318,1.6436000571423843,1.4904048655377962,1.7207336631940584,1.0
2022-01-31,0.8740325104019112,1.0984355163948072,1.1910014793078,1.228775524578027,1.149390615432101,1.1447599095354217,1.1961285303635627,1.5061905444945334,1.0751481563583072,1.2240692684074297,1.1521948814100864,1.0135418653103516,1.0757297904031862,1.0249490621845223,1.010275560455519,0.8821675344546778,1.1255618401875243,1.1760745872504648,0.9160460516719615,1.045487811022679,0.9749806523591025,1.202770700096167,1.6785898773919619,1.0136990015854017,1.0149038962779091,1.2023958833709403,1.1081392366683793,1.052377396851754,0.9880517646416257,1.0672630028481214,1.033119551354207,1.020336266296739,1.0027711121024436,0.9690949977441827,2.281295094549915,1.0050671409372922,1.19918089247355,1.2005154020791877,1.1097693720165818,1.043631256543609,1.1016640025257887,0.8740325104019112,1.016734781840791,0.9999999999999999
2022-02-28,0.9382882044804385,1.1769635085733412,1.3109261028079855,1.2225964198448014,1.223863305888206,1.0788361551393795,1.1538520231182814,1.3949217740683113,1.0884881405570004,1.1998749693456143,1.232855833924112,0.9989382144408426,1.1163158690007018,0.9448511875559243,1.053765248999219,0.982634752011514,1.1697610728655847,1.2205636620816573,0.8639059047164462,1.0574924413249278,0.969422044863126,1.1403639689786358,1.5561658512971246,1.2752156195259507,1.0315086597800724,1.165497139463989,1.012032831510965,0.9923517088341828,0.8167765420482569,0.8936282441507243,1.0453803887472337,1.0778744999417742,0.9215982303012394,1.0989403371391406,1.5886026942564264,1.1801588982144162,1.1823870031760197,1.4344319234780336,1.2073807882252228,1.0889720797660902,1.0565011915570164,0.9382882044804385,1.0117340923186775,1.0
2022-03-31,0.7169132107606467,0.5459720509687552,0.7748622112742631,0.804587511429834,0.7258485206688801,0.663559399776492,0.692089082612192,1.0113342266564458,0.7561428986251508,0.683838130938954,0.7315188246425592,0.48442737889803417,0.47040815275434067,0.43249192333338515,0.6293650526103451,0.5802812870021298,0.79604602741614,1.0339922660689589,0.7701291335943674,0.46440074156685995,0.8779113141723168,0.9114661928911783,1.2462861089364654,0.8978676205514786,0.5974702179646783,0.7951270182540627,0.6100552745550543,1.0944567793801252,0.44067942971879037,0.4743317149154406,0.7749743031726911,0.8099275817112519,0.730692854925331,0.8486162846338422,2.197569183626767,0.8794731295050158,0.7397706196762475,1.0117789054905382,0.6913048769097931,0.603853917908239,0.6572464558338925,0.7169132107606467,0.8469423224172064,1.0000000000000002
