,original_n,deco_pca_Kmean,deco_pca_Agglo,deco_pca_MiniB,deco_pca_Gauss,deco_pca_Spect,deco_fast_Kmean,deco_fast_Agglo,deco_fast_MiniB,deco_fast_Gauss,deco_fast_Spect,deco_isom_Kmean,deco_isom_Agglo,deco_isom_MiniB,deco_isom_Gauss,deco_isom_Spect,tabl__Kmean,tabl__Agglo,tabl__MiniB,tabl__Gauss,tabl__Spect,neur_conv_Kmean,neur_conv_Agglo,neur_conv_MiniB,neur_conv_Gauss,neur_conv_Spect,neur_mlp_Kmean,neur_mlp_Agglo,neur_mlp_MiniB,neur_mlp_Gauss,neur_mlp_Spect,neur_lstm_Kmean,neur_lstm_Agglo,neur_lstm_MiniB,neur_lstm_Gauss,neur_lstm_Spect,orig__Kmean,orig__Agglo,orig__MiniB,orig__Gauss,orig__Spect,orig__origi,orig__rando,sp500
2018-01-31,,,,,,,,,,,,,,,,,,,,,,,,,,,,,,,,,,,,,,,,,,,,
2018-02-28,,,,,,,,,,,,,,,,,,,,,,,,,,,,,,,,,,,,,,,,,,,,
2018-03-31,,,,,,,,,,,,,,,,,,,,,,,,,,,,,,,,,,,,,,,,,,,,
2018-04-30,,,,,,,,,,,,,,,,,,,,,,,,,,,,,,,,,,,,,,,,,,,,
2018-05-31,,,,,,,,,,,,,,,,,,,,,,,,,,,,,,,,,,,,,,,,,,,,
2018-06-30,,,,,,,,,,,,,,,,,,,,,,,,,,,,,,,,,,,,,,,,,,,,
2018-07-31,,,,,,,,,,,,,,,,,,,,,,,,,,,,,,,,,,,,,,,,,,,,
2018-08-31,,,,,,,,,,,,,,,,,,,,,,,,,,,,,,,,,,,,,,,,,,,,
2018-09-30,,,,,,,,,,,,,,,,,,,,,,,,,,,,,,,,,,,,,,,,,,,,
2018-10-31,-0.18827598937767878,-0.24860179033363475,-0.15703851778610137,-0.3059298728605172,-0.30303408843646173,-0.3186565288459662,-0.26633571568370185,0.02453871401052613,-0.19042732004401683,-0.21718698633116595,-0.24411957479269028,-0.256047547339992,-0.2285370342710273,-0.269868427773238,-0.15853018470369692,-0.18450360370575802,-0.07792727833490694,-0.1798134063815872,-0.1850802847020024,-0.05551531939892704,-0.3212446641618403,-0.04471798672804891,-0.2598378544914343,-0.194386016661218,-0.14272974677596853,-0.1487464214825634,-0.15938908944128805,-0.22338289550826274,-0.15399959155290696,-0.1626257794837779,-0.19556310381039782,-0.15908406292532692,-0.22482080884159536,-0.15256323174694567,-0.07704134292142706,-0.36048230468086107,-0.1845289168108129,-0.13803059353856992,-0.3020088499176396,-0.0956544481215607,-0.30570071953722344,-0.18827598937767878,-0.3136493446607996,-0.19853912960645761
2018-11-30,0.03744122622412747,0.06629287469092199,0.00474756456811371,0.024360295908963433,0.0006043829012750523,0.04798881226356747,0.018372311222447892,0.018946504997496057,0.012294415480600101,-0.004714410769655083,0.01374915148600223,0.0056220345371709645,0.004851665050926143,-0.02444899690690565,0.032638391169043594,-0.02740805372756583,-0.09504489265829351,0.038917090674165156,-0.013659955657110028,0.09701050813212575,0.12840015975888044,0.02779657309172112,0.10844669657070263,-0.0020363020565301016,0.053665232063488166,-0.029600235532010306,0.059236129204946635,-0.02123096740064576,-0.025689886781269086,0.0646212201193141,-0.03470232331296061,-0.05328548751223346,-0.05685248910390201,-0.04488910527969799,0.01292425764474636,-0.047308303491759324,0.05508939887569806,0.06266294013736567,0.01909305015972442,0.04933192324066578,-0.003866277968012289,0.03744122622412747,-0.03124562595203755,-0.1144383452814108
2018-12-31,-0.3826186024575159,-0.39918669506374893,-0.38059718273433274,-0.4162034319037155,-0.3994691903233221,-0.38994138341493606,-0.39553801691438295,-0.48258729786674043,-0.39190824787009715,-0.4274811027965717,-0.39365862916273875,-0.4083651578856205,-0.4049409110834997,-0.3805949958890011,-0.4303265405946232,-0.4149037661892127,-0.31644730766428025,-0.3793020071481342,-0.36871967742424444,-0.39918349953542925,-0.37819212384523937,-0.3757147845499254,-0.31326228023072306,-0.37021515939129707,-0.3946534020036526,-0.4272982197669779,-0.3877253912295351,-0.3745296570370499,-0.3879249731531598,-0.4069121021613877,-0.38725796154495606,-0.40421270258175124,-0.4330896459338302,-0.41979074397360283,-0.2796438691143467,-0.38859419713908555,-0.3827320850842005,-0.38310904897976555,-0.3986413256388702,-0.4315653807920247,-0.4074477628671641,-0.3826186024575159,-0.361889250180389,-0.3523267020843021
2019-01-31,0.428943289956424,0.3721834280337156,0.44500355832078525,0.3591272029945414,0.378496438516361,0.4032237956632092,0.3850882148658843,0.48753616059942684,0.3225229196591807,0.36065270097075025,0.38539817291838974,0.38776584166319544,0.3879549913642941,0.3775378915689213,0.43010116797017367,0.4577003775903872,0.40718975027165416,0.42397631464143154,0.37007706439972093,0.3293104160280588,0.37011817672068387,0.35271824740863933,0.41248594977395026,0.37438415252658624,0.422727705081755,0.39112556396068526,0.3668631620749303,0.4639733658383911,0.3805569551243755,0.4498170014222796,0.43508870877842687,0.36304844712755996,0.4476641144986391,0.34667437151450037,0.6713041396515491,0.37700122182628093,0.4149716940808761,0.3736314137880577,0.3364742557814089,0.41455030565054024,0.4409272702308864,0.428943289956424,0.3904391955798953,0.09702766500745376
2019-02-28,-0.1756499067282374,-0.035658472743935715,-0.013174899134068108,0.07094214140963685,0.015395346041445962,-0.013130049197066574,0.006597727202607421,0.14059480839018607,-0.040383541874775136,0.0070904162620154905,-0.002947580347440726,-0.15633087793203432,-0.007147248344784825,-0.21652128206802798,0.023586350782964092,-0.04022466051969054,-0.12151059508180818,0.13363676168653113,0.03627208587410966,0.000890653509437565,0.03537099257047682,-0.027551052608039493,0.1671336513145638,0.1171700519573058,-0.005038216145311595,0.006821131294118359,0.048265768264306876,0.04691034114756255,0.07371569906099479,0.0414050067597391,0.001357468418937553,0.12689335393158027,-0.2644347649662528,0.16813885572929135,0.24377266095794228,-0.09077455051600367,-0.035010239967647044,0.050964743017505997,0.0985820878986405,-0.00393726587379409,-0.0760674715062669,-0.1756499067282374,-0.06624405733882038,-0.4067922153777593
2019-03-31,-0.3631346430608528,-0.2606716518324646,-0.2848047603425831,-0.201189149709995,-0.24108038002462961,-0.3033353426376364,-0.2698415827631762,-0.47362199251642517,-0.254475667370135,-0.2323634669531281,-0.27051489791521427,-0.3279257292538954,-0.3015235681147492,-0.25581329307187484,-0.36371326507168533,-0.23278958589668744,-0.2524135571206824,-0.4862240968705951,-0.34552545000386176,-0.1590722260320089,-0.5192700441851225,-0.320646906840503,-0.24585865169780682,-0.2731159133938072,-0.41304969678480263,-0.26337371081391187,-0.1902039086154425,-0.2942962562050986,-0.3028180830745035,-0.2191142746362854,-0.34216704487720573,-0.23769225011297823,-0.3725602325295465,-0.25273079206988264,-0.3015726257044233,-0.19931515663626678,-0.2062618901675199,-0.3259039928183787,-0.2255151536334846,-0.3284104047521646,-0.3248042198256453,-0.3631346430608528,-0.17554013064788643,-0.20141371982008188
2019-04-30,-0.010069034940799103,-0.1501874117526335,-0.14199627199746223,-0.17065847560120254,-0.15452123976633894,-0.022191142289231025,-0.01937223686412586,0.04364840900683449,0.03658482061724581,-0.08946840282330842,-0.09046918686127536,-0.24460171883373377,-0.24414007918577119,-0.2946581746818064,-0.24605746006490584,-0.16314830551515458,0.06682876357220587,-0.025829411763179554,-0.04149167152069655,-0.08349678161714613,-0.12773408815230453,-0.040750285345447924,-0.035871587577734065,0.06257047433691848,0.16531090501322704,-0.023712322488450475,-0.05332156458501535,-0.06642726790733437,-0.05980051171615023,-0.04489446176577631,0.0495725061090728,-0.016840019757845392,-0.09340202260052771,-0.12743951706147963,0.11394846978145982,-0.07211534565458735,-0.025380536451567574,-0.09887617511577314,-0.05860641831082505,-0.14691844165774007,-0.006978140653263325,-0.010069034940799103,0.08364460346104723,0.3201395969791163
2019-05-31,-0.4021960667108655,-0.43994444782854836,-0.3631465883768646,-0.3885169804025634,-0.4261232827509385,-0.4153685743862455,-0.418453614094325,-0.2780138946815718,-0.4604349268467574,-0.45886544959399084,-0.32755244023323044,-0.4468493744409131,-0.49511081285676245,-0.47945640433026965,-0.3971006857428358,-0.39648379603227313,-0.39316604026295565,-0.2340629303727397,-0.31208932913386483,-0.4049996108245399,-0.3449098093461224,-0.4677301900164132,-0.16724828041021195,-0.33740435388148626,-0.40021475080349783,-0.47212814522438934,-0.39052425801270507,-0.22411216331569722,-0.4360397270050398,-0.3177508026783617,-0.3713161286550686,-0.5162913180237864,-0.4905963875810218,-0.4968711931456261,0.15626212675806198,-0.44726856373636187,-0.3579179676181698,-0.3850911556039801,-0.40119160082277183,-0.4077783497618011,-0.46865333105756524,-0.4021960667108655,-0.40519535051613986,-0.39648727726398375
2019-06-30,0.17371097146891806,0.25096917516471773,0.15069448530871396,0.1755065279168316,0.1905093018660566,0.2014771228084069,0.21594176213976557,0.22474563677925774,0.2074218121629039,0.22121076486219482,0.19090578259379307,0.220643199306535,0.2585825437627342,0.22471200150095855,0.18023098590642533,0.20422822199724008,0.20005972891937163,0.17937558751969226,0.20391396259188296,0.26934324122410586,0.13921471057841597,0.210888977812942,0.10808991076609255,0.198564572858439,0.2434372598380819,0.21238468847306338,0.2521352704648737,0.16218260866451542,0.34167133685145706,0.17900743810877534,0.1977161730500028,0.2532339532839516,0.25406097148202894,0.23544187978645006,0.1484399422041397,0.21050480110269948,0.14578212099429197,0.17096692361912497,0.13659606464225654,0.21848224303232386,0.22579600430480895,0.17371097146891806,0.14800937008649556,-0.017766825886309897
2019-07-31,-0.07151471018567859,-0.09687113982179706,0.02182318809571055,-0.10632587362827566,-0.1448574852309553,-0.10409850947834122,-0.06183691879224563,-0.030090279213944762,-0.03657389827284641,-0.0408651999841454,-0.09171045641607063,-0.03329632809647329,-0.03744664483692866,-0.07764434926071076,-0.06868759526940714,-0.0075317502072901645,-0.10178599344795342,-0.022169050499742667,-0.019294431515744174,0.024928167401755994,0.08555863053089609,0.035548815767850746,0.09561992846455429,0.0033880201404184796,0.06320468437021759,-0.001657150741446484,0.05302634932522967,-0.046395065320635115,0.06322835551317052,0.05791918362845384,-0.010818294112478406,-0.07479183993832693,-0.04451908207225665,-0.0783844224780377,0.2755266718042409,-0.10052189455767697,-0.15733920167296395,0.006731792360867681,-0.14854971262806768,-0.1932955393771894,-0.14339156633325448,-0.07151471018567859,-0.04594340501208572,-0.5530014668904218
2019-08-31,-0.20477569394551728,-0.24428725634953924,-0.3159320820294943,-0.3187868599392189,-0.26315618232705884,-0.27511914260876214,-0.28845144766157566,-0.2687139693184571,-0.2570743243785429,-0.31193293406326034,-0.26905282980144507,-0.2905814591641477,-0.273253965851783,-0.26869481941372353,-0.3136958076302664,-0.20609279043083056,-0.17018671078181133,-0.09932263231619073,-0.14430667885870807,-0.23663068155275574,-0.21887224701530167,-0.3040506354341587,-0.12557669806671412,-0.24395388507145882,-0.29870068401965716,-0.28916756852659414,-0.12704625024621927,-0.1554516004050546,-0.12947966031546215,-0.179451361551342,-0.2449542294186438,-0.2666487158642269,-0.3072605070735642,-0.3061019340126075,-0.0033267969116926614,-0.2973902258268342,-0.300496558947722,-0.30581977366711105,-0.3059257290456359,-0.272791350398664,-0.2799593891922034,-0.20477569394551728,-0.25036129292347875,0.03783914134204213
2019-09-30,-0.005013060858513716,0.022547834173267244,-0.011148200019948575,-0.020411190986355545,0.008966615496533692,0.006373644941941386,-0.0355141463834023,-0.055888518100829995,-0.029653858403502754,0.0007117137551819635,-0.06624523513863957,-0.04663787712891413,-0.028530952884736862,-0.05722013423044752,-0.03493994782656949,0.04326344826698305,-0.1387467927802278,-0.03356118621724389,-0.1792483513263521,-0.021948513525092715,-0.09731245899986266,-0.04397095110213932,-0.03363653584575289,-0.014495940412981792,-0.07355548000338863,-0.029671003829879517,-0.0899930567971197,-0.04305033677903314,-0.14362993640757707,-0.1861445981045246,-0.04804490842355968,0.025771066901263375,0.02512011886485267,-0.002207035954049903,-0.28864677728593824,0.010819220738091329,-0.048747913372011877,-0.00950622492874119,-0.04227708922424601,0.014505372464920686,-0.04909932539609892,-0.005013060858513716,0.0032628402281028607,-0.5225009203978517
2019-10-31,-0.08454581864681106,-0.05813526624356959,-0.13580701490854416,0.014055618124580222,0.018268242820913796,0.014590931723570743,-0.0341725517047432,-0.0020913108774209587,-0.020105070438377524,-0.0364824011568009,0.002525924486909866,0.007464767219416527,-0.096801769494908,-0.041895280006339686,-0.051489624600258875,-0.1327167706644625,-0.17925053839755387,-0.028968767284408673,0.11037512799602127,-0.012236296524740679,0.15593016848992192,-0.1265556282029098,-0.04153894677335889,-0.10299338516195741,-0.03491520416024381,-0.13553568545442832,-0.037807048170789885,-0.07044449271866543,-0.02280244208787977,-0.026487821864619527,-0.021181255143428182,-0.09065257991985232,0.006733186396430966,-0.06463358100681314,-0.009168979834348596,-0.030336159286275654,-0.004521553247636502,-0.10821516019054264,0.03482576487957422,-0.04368895064842288,0.06321114662415132,-0.08454581864681106,-0.1388418171571372,0.18367982422194062
2019-11-30,0.011283394506002985,0.1286040029811586,0.2135049521363069,0.22423666017766106,0.18033832686895448,0.2067213905112342,0.22469172954395053,0.20017773446029646,0.19492484687823178,0.18084293569546386,0.21683857440655166,0.1749810136543051,0.10971625779719557,0.15386334284320677,0.1655056613923236,0.06100629447346551,0.24289833785927972,0.161314894221514,0.016121564317863907,0.08079623732739531,0.14098359518005063,0.14723940741253175,0.15756474263589682,0.08111228141498908,0.1307513652982075,0.20573181298095067,0.21102193961522414,0.08123540130996615,0.10477076044231169,0.2372717668761336,0.17306764493048862,0.0773193375434383,0.1354525542837017,0.1414607476764964,0.1601717492908001,0.17674093026137888,0.18553733446595363,0.15548309116895062,0.21180778667732608,0.08239397082564019,0.2658170188298885,0.011283394506002985,0.14649510603243313,-0.13281780844680446
2019-12-31,0.18838784033013725,0.2805506304426876,0.2911141343923801,0.27075793345533034,0.22400027550713242,0.24993418699816278,0.2212223939980501,0.2803222770150852,0.17114384685419998,0.20446249198243835,0.2663669604069519,0.17350718901363144,0.18154855649249724,0.1793822288567251,0.2854510849841671,0.34237085201866,0.14078592117148453,0.23012954326628357,0.3518528947141911,0.3774617325345739,0.2110552437005768,0.19032559725070008,0.3540568626082615,0.24090972870998606,0.12992732381860866,0.2376738109947557,0.31593472235118975,0.4297206022043623,0.32969542051546286,0.2298157829180111,0.3798460406130366,0.2913767732591752,0.2754732288686769,0.27742643240019715,0.2892474798389192,0.2392830148456513,0.29398782348578945,0.21271555426965644,0.3128103228770937,0.23561431172501057,0.2971782740132241,0.18838784033013725,0.2669010259039491,0.3195672953013895
2020-01-31,-0.1405994798521105,0.04582363304617981,0.1157509680090402,0.007087611277602067,0.006980980969882951,-0.053119786877697396,-0.05132777802918758,0.10635458159611516,-0.08814799179462153,0.00791445616136515,-0.008407635782792116,0.10004158639435319,0.11480330125829465,0.09196427233759338,0.025882549667798353,0.044465727280136924,-0.0378354353595865,0.17562468932622793,0.002402006217109306,0.08074641636601891,0.14261378582324055,0.016774967458374757,0.22237227319459363,-0.10685109209103304,-0.13214257657782164,-0.03723386007246347,0.016025153171221232,0.04557745732355952,0.012431097058235889,-0.029666378899131905,-0.05679729538914983,-0.12332035807246691,0.008743596723342217,-0.11763751573992118,0.2518943318932206,-0.041296115350945815,-0.009794046949640475,0.08488852985479586,-0.09550324002189271,-0.008644127805507733,-0.10703486819859884,-0.1405994798521105,-0.12927928510130918,-0.04509368506709175
2020-02-29,-0.17836410161872857,-0.1356429656501793,-0.12933506251637283,-0.11732071802431607,-0.12399933026568886,-0.1889859155163799,-0.1513634977026312,-0.050958514174475444,-0.16542276157826852,-0.0850085646925346,-0.13609679873727712,-0.1847814659900813,-0.1673667652223537,-0.1834830236156772,-0.16227453622330812,-0.16779489449506998,-0.157104718503824,-0.0839433053721228,-0.1508007366253999,-0.1700351645776973,-0.11555444449382118,-0.13644326652994593,0.027694840222612396,-0.17459862840103135,-0.21446889626151736,-0.18187785057276132,-0.16266406723631835,-0.10002062733827986,-0.14337810309252866,-0.15500264159037735,-0.1741120142682963,-0.13251669547056094,-0.13847097036195474,-0.12670269961576872,0.2078669664733219,-0.20675588846889506,-0.19415521206367978,-0.14535031178769842,-0.14567991296146227,-0.19270943778753616,-0.19916777711166472,-0.17836410161872857,-0.24656753575060072,-0.164622755140264
2020-03-31,-0.1720719283449097,-0.18296433376950808,-0.21844943183903753,-0.17029394386249883,-0.18733181778490712,-0.1839861243147256,-0.18318581248039453,-0.201266395345209,-0.1737615129260196,-0.18115455680629824,-0.16995861221813166,-0.16505963197399026,-0.20059112840905927,-0.16046199745630993,-0.18827776943045407,-0.2202563041072345,-0.14356472931803616,-0.19137092403762143,-0.1412968748125259,-0.14768618016663598,-0.16376583746883497,-0.19437771050992875,-0.20434486206446145,-0.18616905212574641,-0.17244934386919564,-0.20917840697297826,-0.17963346345205114,-0.21284234503018395,-0.16273202246053028,-0.18022421443477718,-0.19687583311824744,-0.20117744291847975,-0.20331720562302505,-0.1951207745483599,-0.0963953916006066,-0.20921856423187704,-0.1864568691549444,-0.20983791008187516,-0.15786599143329386,-0.17911553325882484,-0.18300367102209486,-0.1720719283449097,-0.20402282360210428,0.019091962776127274
2020-04-30,0.2515499739003729,0.30546876048554933,0.34929639290676917,0.31349855600448256,0.28765001546759517,0.29205450284306567,0.3033923037880191,0.37061084800855715,0.2515640745452185,0.2887533961551498,0.3081988407398788,0.29575262139690106,0.2870649019503814,0.3097546090684239,0.29516915971309376,0.3149306293934363,0.279648856576072,0.2984157164842,0.2811418006928959,0.28561933552509633,0.22053401153941077,0.3149194480557782,0.3798653430605954,0.24196531194279225,0.22134587516854692,0.3442090056334136,0.32940437799963845,0.4135159934175895,0.3423020963720618,0.30375979879076015,0.3520724152675141,0.3472887615956632,0.3600048273115384,0.3611371111656084,0.273791165592962,0.3176808060630417,0.34048437057338976,0.2971074355338907,0.3522396242296823,0.3165054322905242,0.3184656623160846,0.2515499739003729,0.30524322029693285,0.2452063095628173
2020-05-31,0.11857268130873022,0.17746122131419817,0.17510865309072296,0.16442666149470983,0.1462710674187362,0.1517602902404875,0.1493589972062438,0.15928636567281365,0.12390117667013478,0.17982029692092563,0.18727891493069923,0.16718129815336485,0.17960417158206082,0.1656468867860957,0.15277839247092168,0.14213235681794453,0.18929804033214237,0.1901940658107976,0.17709360578081831,0.18453575390385674,0.1670187073219754,0.1512605714915745,0.2740642236898689,0.18139106046968156,0.10771854594799506,0.12685061630772287,0.1502483329087746,0.1425214782483529,0.13403178559340495,0.11057763144764059,0.13165356934006286,0.09692882192909037,0.12058888495184365,0.08402432975476194,0.4321439661485348,0.10533312237616844,0.15006686441941905,0.1483310541616281,0.14444979559354362,0.13629602284812234,0.10675671488362448,0.11857268130873022,0.11962012384576445,0.5602171511849844
2020-06-30,0.11195032506435919,0.10308193505737054,0.12865239770025388,0.08593323698011841,0.14493388060263118,0.09740391860559726,0.09668868944915988,0.12647044913545225,0.09426483652543813,0.13327208765897466,0.10351832628397195,0.11456008237370016,0.1198622672027094,0.1155416964895984,0.12808325132169768,0.09882744160190524,0.11690081727836378,0.09704320323253596,0.0810892687961814,0.0805005812807128,0.09082594601772974,0.1449340560875434,0.1653673664327898,0.10734754135054497,0.08678015614002675,0.12383342939325734,0.09121862894418395,0.0992536042821028,0.08405475840744375,0.07927990186232005,0.0815618402119941,0.1395033921483989,0.07949593050621671,0.1354671436836595,-0.07767763297574701,0.12416287464497237,0.08558022537753089,0.1524256682266132,0.11643699381987603,0.10084651294556927,0.09701885027577596,0.11195032506435919,0.10371918195645342,0.15082108828389848
2020-07-31,0.08658403191915423,0.2567099767444544,0.15682567730969846,0.21638339298280843,0.18004500795076195,0.17585335747371675,0.1954220699047025,0.22220073799757514,0.1628745666787236,0.23506748291741394,0.1865126111008654,0.30049599524614273,0.2523569096697346,0.30817306485566115,0.17450802988911956,0.08365740019100555,0.11570398029970295,0.09984112668957817,0.05516226627067612,0.16281647684780318,0.024671787393612987,0.16994910851189693,0.22053824441195324,0.09770414829646058,0.04105324984841959,0.12754752378058284,0.14002705081460481,0.07210284566109196,0.1398850403010034,0.05620457849059793,0.08244856942986521,0.0603238436445772,0.1810503265760744,0.06682787105225174,0.23356140386656202,0.12620494170396568,0.2066820995753121,0.12093559146501762,0.18736144528582827,0.22393019523252666,0.1478776672965282,0.08658403191915423,0.05898671008634983,0.1263049295302809
2020-08-31,0.3675329921186766,0.6012086746485992,0.7358811052611054,0.7487790565199756,0.6805903164808522,0.6760367410861544,0.6722198707128783,0.5883715921715269,0.6390383175050562,0.6071090636159951,0.5216059961655642,0.6603249152312493,0.5896142249081633,0.6007361695309676,0.7102533555783133,0.4640160227070576,0.36515952899991017,0.6235536286138954,0.5482459856244782,0.4517776485999295,0.62820669415465,0.5483002703766796,0.7677086334791398,0.3731165411528721,0.3809699213325542,0.4871007030694524,0.6460926872836619,0.5746037056516335,0.4614644367727857,0.451924458554837,0.6004739029131085,0.4233089784149303,0.6577095649243149,0.47396660016608566,0.47340431365553814,0.5292648072948729,0.5969732197887542,0.6385188937757107,0.6197567894840168,0.5567593946234908,0.6717600003208876,0.3675329921186766,0.38878584432982394,0.692434680761579
2020-09-30,0.022055750766090673,-0.03607555779197608,-0.031103735327735513,-0.0257439044939145,-0.014072428941129183,-0.03880504535632604,-0.02261987392809494,0.05681967836046127,-0.01733570819410223,0.015037805893785729,0.007609896385812035,-0.053729912153901695,-0.06203881349739329,-0.07174368535486847,-0.020716593780223547,-0.049571187314753164,0.02538231823819937,0.041790521306153905,0.00339816249038323,0.08000519874186472,0.05731863399955628,-0.05491577055123716,0.029901625328006085,0.0033781900416755624,-0.008716026201575695,-0.048853652249206105,-0.048568661090871074,-0.04365070670452499,-0.030838609159120085,-0.053554090922361595,-0.08271932653910213,-0.08902047110896892,-0.08469625532323263,-0.06627461336989875,0.24924931488047666,-0.06666700855792326,-0.03234936932797945,-0.005789100914102353,-0.06906919532753344,-0.015166555701467738,-0.08008196320731548,0.022055750766090673,-0.0607252501840118,-0.02564967320486999
2020-10-31,-0.001452130104009045,-0.06273921207407823,-0.06209135938181121,-0.06774066267108982,-0.01539961224233731,-0.016873093973879295,-0.03699500753001873,-0.03565483739399457,-0.05652753710072688,-0.006214640542898152,-0.007309182223838436,-0.07938687281751895,-0.07764511629284211,-0.09084614426962521,-0.06342858826511422,-0.08060382696616497,-0.12830816066479406,-0.09303783279872484,-0.09103625559796315,0.00938615093109738,-0.10492571805254022,-0.0744467463881505,-0.06869906043488602,-0.02971920911936974,-0.027666093768822734,-0.07334940499805623,-0.09019545822099158,-0.13816299498835047,-0.03415080978798775,-0.08402862246879693,-0.08180176358101077,-0.0668669077757021,-0.12180857949066332,-0.09873293463416306,-0.07203428914130372,-0.007797712343568857,-0.006780838158581371,-0.06957092840667742,-0.02311242947453489,-0.011106456621851274,-0.02829762409354642,-0.001452130104009045,0.004609523341285345,-0.37349784355625965
2020-11-30,0.4743613191986973,0.6195806420488434,0.5539129817125709,0.6641405226908972,0.5640451247828332,0.5866653785484289,0.5886573867999255,0.6545221761483181,0.5462519844797051,0.6041456910927933,0.5920995022375934,0.5774326161495454,0.580676680474501,0.54102343417679,0.5715344410423251,0.4600315943841085,0.49324259672337,0.5247249678091134,0.5289533559223901,0.5487191863762283,0.5489120524909176,0.6128816630574385,0.6516795472175096,0.4846762495859758,0.4535322274209019,0.5528696379675332,0.5158578876872209,0.49864597981538566,0.5287115456454572,0.4800843760584798,0.4292742304667011,0.4821321830243126,0.5454496187646448,0.5567938910351174,0.46361093206055565,0.47040059076642887,0.5735674224643442,0.5150612073708954,0.5827803075269773,0.5850748654063068,0.5357770971210082,0.4743613191986973,0.4535036549515302,-0.22205481601746122
2020-12-31,0.33835754967029047,0.3061405732251472,0.2996113082720763,0.28926046582070475,0.32644807113578206,0.37858783605005014,0.34110598626369,0.45489272326451247,0.30844338643505986,0.33747731026067984,0.31680837974849924,0.3367479281649675,0.3464884995537827,0.32791947180306574,0.28244809443988467,0.2713246105222826,0.41825540420330265,0.3308686531539288,0.39250864202687547,0.367823631343687,0.2955605617609823,0.3556399089071025,0.3323315622805979,0.30358336523990975,0.36447606988650444,0.3161231138054489,0.3885075222507182,0.30054475054803254,0.452094520183386,0.3618825986560018,0.33135797760159746,0.3068707683070853,0.33511234121632916,0.3122572169027851,0.34050913848750336,0.2593585080791412,0.2932251160131241,0.2649479721585528,0.27246220203066635,0.3413495744715848,0.3816318855385449,0.33835754967029047,0.2769464455127274,-0.10765202830679835
2021-01-31,0.0705662856017526,0.07668220600840518,0.06853046922793338,0.10995696848071516,0.06580770407473914,0.042485041280602265,0.0688754622117354,0.23284256801866568,0.03283702416506843,0.13220140943074152,0.06054258875150274,0.17441599492722423,0.1529378256889841,0.22305871207154504,0.12550166120938483,0.06525812686630597,0.033948525503139176,-0.019759430196312107,0.12284737967764973,0.08419026151123418,0.08369413157212445,0.11001393349374447,0.055473305221472556,0.02856930193676061,0.07037942994770023,0.13687886930595372,-0.020282403793987828,0.07085368733870889,0.08678211298329051,-0.02543744325331277,0.032082571667375125,0.0838200265500542,0.13183139051614137,0.13208173319410063,0.15173973517459852,0.04673863174607491,0.06055123044983512,0.0813054691938335,0.07349395911160118,0.10405475278220795,0.052705732001513385,0.0705662856017526,-0.008624741287585936,-0.09683370131145044
2021-02-28,0.43948948170921354,0.30112605093790457,0.41578328627596617,0.322293670364205,0.39151023202801566,0.4445287682069479,0.4387459408598894,0.35135552603744824,0.5374139625690093,0.3790986460792589,0.3727602595190038,0.2821969850783742,0.28549596841559516,0.19167702339826975,0.3790479310191782,0.482110719612258,0.4032557133825237,0.2850635655409209,0.31474966691124123,0.2984297320234915,0.3417479930581386,0.49650597864294477,0.2532708621255224,0.4321546048618036,0.478343796789389,0.48388558762434686,0.3932718878411412,0.38000480427131933,0.2741056190046346,0.485743003233769,0.3902323446460535,0.39750177211602505,0.36726914977086755,0.38460517721326337,0.07455600079183333,0.4526568996600423,0.3916067157588231,0.39966260136352244,0.34832200231595445,0.35006700598303914,0.4145548327554469,0.43948948170921354,0.601980614624871,-0.05415984198011028
2021-03-31,0.012960308184146306,0.06352322111124171,0.016135733366937147,-0.0015389101529393525,0.02604858557495588,-0.0076692037926161735,-0.0022198575267062697,-0.030510609494372173,-0.011451827018000951,0.021894113628347624,0.00841318687440563,0.05987326190196825,0.04427950197524836,0.10795039530329838,0.03704075343670894,0.005095284886860989,0.07494650528343279,0.04955007008014426,0.011245825114391558,0.07899375938926628,0.056649269874523026,0.045428826868158835,-0.028068331720212582,0.01186516315394911,0.09567080197796655,0.03594168716798802,0.030224040380053857,-0.033362209352667524,0.080287070976473,0.018763933092243158,0.012580982883620376,0.03343696540183361,0.04860211363546796,0.033660200682134704,-0.041732627531459524,0.04008290668570733,0.030605731000257812,0.041383744255812135,0.00841482530586141,0.035819955501856786,0.0030843122568998144,0.012960308184146306,-0.005463295570366689,0.01886693944701718
2021-04-30,0.05225006216074103,0.16855155230423344,0.05389367908740701,0.19637467576387738,0.16486040206710403,0.14668821002263296,0.1539117107132949,-0.026781530875392735,0.08008501146312527,0.12866504193046252,0.1711009577824324,0.1184694919996561,0.15659569144586094,0.17312009416546797,0.14590587360798513,0.08381010991073519,0.10410915883175857,0.016770922303255373,0.039877419198485316,0.1535884471567416,-0.006871988861132159,0.0593573487835109,0.06208274289544708,0.1143905060376727,0.08814664310666938,0.0288442140518337,0.14001357469724218,0.056229868383052044,0.15615370983491328,0.13981264145904473,0.1142000070110146,0.09027707061404362,0.08055463876988447,0.13372696205930165,-0.2257530856797401,0.09587219233847624,0.14937164589696797,0.020499706379355578,0.0765448283227343,0.15598448667996026,0.1085488814077487,0.05225006216074103,0.08345542108690761,-0.03713553701819117
2021-05-31,0.06862609297468314,0.08724954114393842,0.05825312730613038,0.10300627760341162,0.054035303023683895,0.04203296451509402,0.0562612672889773,-0.07362988472821158,0.1033448194178434,0.04810272382644399,0.05766214832634322,0.12554531442376377,0.050100442534659985,0.15969882406518154,0.08524263256228007,0.09685967383875473,0.06731848785101671,0.039727984269991835,0.07306686322062302,0.043046956020644386,0.025726720362756375,0.06981461206527713,-0.028979928599623103,0.07366385204912271,0.14304088701224485,0.053912599538180075,0.15226602799776467,0.04422855684834637,0.128487787248589,0.17324186290027474,0.060428343762830024,0.11681515496264996,0.07745634288223767,0.09736227798958974,-0.02437339516881754,0.10813869009419773,0.06880197436245057,0.054795507499877334,0.11411925457116463,0.04409494306610383,0.07721943010378758,0.06862609297468314,0.1266025221091963,0.6202557963894555
2021-06-30,0.15504277977123454,0.1643984546640708,0.17916493539362682,0.19717028869318926,0.1988905805029372,0.10587581314816116,0.17784594887167698,0.2343531471117678,0.11154606183867859,0.2502973532841597,0.2351609383409428,0.2870072890274991,0.2617571171590889,0.26996334967422475,0.20385427768683156,0.12107958963229927,0.1794147569231814,0.04472313178799169,0.18044924336653004,0.06154405125890349,0.12032757434112187,0.2272008905628524,0.29438486513062195,0.09092794153296589,0.0530916071676348,0.16558305069644855,0.03664189076960653,0.19082914346877847,0.07126131639354619,0.03099995952361351,0.1141118952266958,0.1391570636055348,0.18826426120759185,0.1914361836682725,0.25052790841971867,0.10795786970795716,0.11119050459345549,0.11922821315177912,0.13450897322777464,0.11541471582975821,0.07241287460341396,0.15504277977123454,0.1009092411709309,0.19306219543064188
2021-07-31,-0.09968190586993143,-0.10071618096196665,-0.17436814832034095,-0.037172747990327305,-0.09586615723185316,-0.11250523755858886,-0.09079417458089308,-0.17084227772156232,-0.07062362336518209,-0.06191785259842582,-0.05616663232632372,-0.10835080122399152,-0.040841289128432455,-0.04784030084647866,-0.1538239161011834,-0.13793918227056523,-0.018799625211953983,-0.1678109811070463,-0.2259603035442166,-0.1630955588286948,-0.1848294694460956,-0.14532695071428364,-0.16546255880904875,-0.0850628777040873,-0.12332076732794629,-0.17412237100576067,-0.11745862906520661,-0.1983225475090564,-0.09767036483776956,-0.1646588303096112,-0.18605702484062395,-0.16021989014533064,-0.19642654325700878,-0.1598511898434643,-0.06326083291534731,-0.12086780176774305,-0.11398671981203885,-0.15944053057275034,-0.10814163999590247,-0.12721605445330217,-0.1223565600538295,-0.09968190586993143,-0.14064736292393257,0.21604977333963798
2021-08-31,0.09352659563192799,0.16494582769972035,0.1389102944155165,0.16175823804829104,0.14997868690548552,0.18772843172863257,0.17989076909043508,0.21132851225864824,0.12678622436512876,0.1352107715513184,0.15132163634513035,0.12431913294819288,0.1435006134969031,0.10062695786221554,0.12057063625191375,0.11311328194431619,0.011076767362344609,0.1160214417409548,0.060724053888929326,0.17537986276682718,0.09488423492456366,0.11180443318017878,0.21509302853321816,0.1233532080722936,0.13260086470307803,0.11231704343418192,0.1607085237733349,0.14897981017248463,0.0644631826804602,0.1222521944773306,0.13419057725349276,0.14122566581003712,0.09026699444831891,0.14328746298483513,0.10259816898485437,0.06244011881792841,0.1425640070078623,0.11571054976749502,0.14201882614489017,0.1396280682090471,0.13190283408518913,0.09352659563192799,0.1146048325619904,0.18107187158482171
2021-09-30,-0.06695416254174688,-0.06784686173583891,-0.006804577931657228,-0.025769894664695245,-0.11533617507640141,-0.0834500225012704,-0.10224325987183497,-0.21312569714094062,-0.10676793880747809,-0.1192934534090458,-0.03451788757831074,-0.14895294000893244,-0.1636683925367715,-0.17674100536303058,-0.09084036533875978,0.038194922865258225,-0.09108273935434409,-0.03096796444142008,0.048027435968738735,-0.0883432791329072,-0.04464368909082543,-0.05961604089168651,-0.07901015786780267,-7.963349040774989e-05,-0.08867928544430694,-0.0025108183322227126,-0.015521264992195449,0.1179793950717527,-0.048280391486722495,-0.043353835288030614,0.007357312302202446,0.047386152613361376,-0.021206323927020144,0.021780577979351488,-0.31205016230473936,0.020462809651271043,-0.029491847001651392,-0.014415441596649693,0.05102058971350184,-0.07261134648816456,-0.08086608426994876,-0.06695416254174688,0.0037368753788206664,-0.08895901369399663
2021-10-31,0.24514299238565196,0.5652000670280151,0.5010376764283705,0.4709446432121734,0.45247372890195825,0.44824295387578783,0.45447445453567226,0.44411246013105843,0.28724552735381986,0.4697233743327747,0.4928622179053131,0.5519736673974635,0.46221351733367233,0.5101282443565563,0.5071968213929344,0.4922819175113119,0.26399444391306925,0.4104680873446741,0.2570035179812656,0.5254643538251075,0.26290422151250814,0.3541641141161806,0.5519139912758323,0.3378434690335932,0.2751418981426282,0.4214883173250759,0.5041567015788841,0.5798298023994856,0.7217335732868421,0.45218760082505793,0.4859727211660437,0.5588788418696524,0.4868932954725893,0.5224059407829664,0.30375551555842895,0.4058567166292938,0.5406658828387834,0.3976131469615255,0.5335139977750073,0.4585260332923759,0.4385787857517578,0.24514299238565196,0.3121260846098024,0.44225982411988934
2021-11-30,-0.26832469834367056,-0.1081252831314835,-0.2661115535194606,-0.10572763083832605,-0.12535872005441095,-0.18094373324793225,-0.14361723148630065,-0.08818451742117778,-0.14747726386909835,-0.1011792046552968,-0.1409006128025674,-0.1336349656499766,-0.10949472249136423,-0.11500763270355681,-0.20516922679170463,-0.12036477179178968,-0.20628985516070694,-0.22389975128838704,-0.2715424248882685,-0.14083055298191896,-0.27235255740883846,-0.248692845593693,-0.15008289213337572,-0.11850003648052643,-0.18644447856243265,-0.13236210456989467,-0.19075328994005233,-0.18398059557239568,-0.21312112424296342,-0.19693123162229373,-0.24862238164567352,-0.08182446159459192,-0.18529891905599952,-0.09702925821766943,-0.15939552873969257,-0.15846297423825245,-0.1467503039362896,-0.22612459312087155,-0.13075589317928957,-0.19439702912751444,-0.21301748227508496,-0.26832469834367056,-0.19376475810731703,-0.21005784289200424
2021-12-31,0.06957095242228803,0.01016333573592704,-0.022122069274382497,0.010131410916043623,0.0032496815029364762,0.035852584071319554,0.02206484499039406,-0.11442859851911082,0.03476698662031297,-0.013413339588361549,-0.006125676043388,0.03339961139739355,0.0030145008057696062,0.08395443388551706,0.018253278037659148,0.022915457563809652,0.05499663107105401,-0.018416122242405172,0.06790940984859661,0.02133163270672258,-0.013071021590687152,0.005535076430923806,-0.08795247173556224,-0.01834433891979123,0.04860886240820114,0.006517885135098775,0.07738167276465348,-0.021568845238045684,0.021799930459376435,0.0867304825952375,0.016904597626887785,-0.017357917259789604,-0.020029312835661242,-0.012304787336643152,-0.18750625913937705,0.002819712029887827,0.01748049405141001,-0.03449691582055094,0.009174665766805179,0.024930920100954473,0.06397984279768673,0.06957095242228803,0.04632225319165365,0.10890138181998298
2022-01-31,-0.18314734923296372,-0.17604680578442714,-0.09807942409751255,-0.1953942159167106,-0.21575137288661936,-0.15876225527850676,-0.18868323444171048,-0.1511591317037621,-0.14510747971236618,-0.1803639959512976,-0.22268457303511316,-0.2179716185919336,-0.19400221866237327,-0.23013441539307894,-0.20224058279561194,-0.08600927145660991,-0.28871950367818566,-0.1348563280892196,-0.11414298642179002,-0.22507868456168428,-0.10976015337221873,-0.19176991405980498,-0.19456706313563904,-0.20247000440353122,-0.18045445373440122,-0.0455154697973356,-0.15795591855399163,-0.00950744986372173,-0.12606566593118657,-0.14215434417590753,-0.0490427060890066,-0.09626611279241748,-0.11034342947087264,-0.13056960789399688,-0.27066482579238255,-0.07405319505492221,-0.20485471150062423,-0.14624262184131864,-0.12007269006608975,-0.19444546542666374,-0.12282396538415682,-0.18314734923296372,-0.11529203107539278,-0.3779139396952698
2022-02-28,0.15091330023979074,0.11108107747092372,0.09934265261385176,0.04203318515964957,0.049908426339034105,0.04281759849941944,0.05995763538867787,0.09839576518167925,-0.03204219515303212,0.11559340587959879,0.11772814928423574,0.08424753208445619,0.06207646035223953,0.06103152821850448,0.05386133265014013,0.11331468905688198,0.11215763563499581,0.13462285330898727,0.05945439015234251,0.1238575947355941,0.08651933344782652,0.0015874176022538091,0.07373329662222439,0.12238510742749194,0.032578059060927776,0.10000789299452512,0.1061014237018014,0.18780777346647548,0.12228266630526816,0.02996186446831461,0.13003619559854268,0.1503018814819986,0.11784663554728138,0.11866283777575153,0.17779166335375773,0.1348426305131238,0.08385631115566297,0.09023579629332887,0.15500328980482428,0.12714603249284476,0.061199885479056436,0.15091330023979074,0.05215772745666884,0.05087018916999942
2022-03-31,0.0159732508004024,0.045841737591427234,0.03997631444348746,0.09109048119011695,0.024208686536864386,0.045353514111483556,0.03126721283963227,-0.035240781446828275,0.02786870821236691,0.017804469571854813,0.028417622134696844,0.07154604278183664,0.02429408568146893,0.10379010772368889,0.07325370156481005,0.04196808187019834,-0.01869256857665482,-0.01460620621189961,-0.01566206551134151,-0.0630859604232933,0.03672893619749958,0.05092135713610098,0.002593787464449295,-0.04749840047823177,0.00867083452705917,-0.006637938560312708,0.07341377360162259,0.04542331042837242,0.08188175020828266,0.0894659963402994,0.005128201573703552,0.012675873124805526,-0.0035277367302197046,0.00851093575888742,-0.022042690321776026,-0.007638071384452954,0.04914008389399596,0.02373811052557312,0.06983282793536129,0.03105767399628561,0.06561944311091997,0.0159732508004024,0.041460209729031076,0.23447918095184603
2022-04-30,,,,,,,,,,,,,,,,,,,,,,,,,,,,,,,,,,,,,,,,,,,,
2022-05-31,,,,,,,,,,,,,,,,,,,,,,,,,,,,,,,,,,,,,,,,,,,,
2022-06-30,,,,,,,,,,,,,,,,,,,,,,,,,,,,,,,,,,,,,,,,,,,,
2022-07-31,,,,,,,,,,,,,,,,,,,,,,,,,,,,,,,,,,,,,,,,,,,,
2022-08-31,,,,,,,,,,,,,,,,,,,,,,,,,,,,,,,,,,,,,,,,,,,,
2022-09-30,,,,,,,,,,,,,,,,,,,,,,,,,,,,,,,,,,,,,,,,,,,,
2022-10-31,,,,,,,,,,,,,,,,,,,,,,,,,,,,,,,,,,,,,,,,,,,,
2022-11-30,,,,,,,,,,,,,,,,,,,,,,,,,,,,,,,,,,,,,,,,,,,,
2022-12-31,,,,,,,,,,,,,,,,,,,,,,,,,,,,,,,,,,,,,,,,,,,,
